"","5%","5%","5%","10%","10%","10%","15%","15%","15%","20%","20%","20%","25%","25%","25%","30%","30%","30%","35%","35%","35%","40%","40%","40%","45%","45%","45%","50%","50%","50%","55%","55%","55%","60%","60%","60%","65%","65%","65%","70%","70%","70%","75%","75%","75%","80%","80%","80%","85%","85%","85%","90%","90%","90%","95%","95%","95%","100%","100%","100%","105%","105%","105%","110%","110%","110%","115%","115%","115%","120%","120%","120%","125%","125%","125%","130%","130%","130%","135%","135%","135%","140%","140%","140%","145%","145%","145%","150%","150%","150%","155%","155%","155%","160%","160%","160%","165%","165%","165%","170%","170%","170%","175%","175%","175%","180%","180%","180%","185%","185%","185%","190%","190%","190%","195%","195%","195%","200%","200%","200%"
"1",0.102538284823195,0.0674997574683297,0.137576812178061,0.102300982902343,0.0672645606123813,0.137337405192305,0.102197823642432,0.0671643662481655,0.137231281036699,0.102139426065084,0.0671081715952583,0.137170680534909,0.102101649093643,0.0670714065164475,0.137131891670838,0.1020749365897,0.0670456640691562,0.137104209110244,0.102055024877622,0.0670269514832952,0.137083098271948,0.102040492529421,0.0670120911351146,0.137068893923727,0.102028609517618,0.0670012348089089,0.137055984226326,0.102018933860854,0.0669918275063068,0.137046040215402,0.102010319062009,0.0669835711762751,0.137037066947743,0.102003727509569,0.0669769166226572,0.137030538396481,0.101997534980303,0.0669708509059079,0.137024219054698,0.101992399982234,0.0669662395352173,0.137018560429252,0.101988506837038,0.0669626259972184,0.137014387676857,0.101984906872852,0.0669585658308539,0.137011247914849,0.10198091028634,0.0669554132915691,0.137006407281111,0.101977645409968,0.0669518131804968,0.137003477639439,0.101975325310517,0.0669497758039157,0.137000874817118,0.101972488314098,0.066946831515485,0.136998145112711,0.101970213896568,0.0669444321213007,0.136995995671836,0.101968351922795,0.0669425466876168,0.136994157157972,0.101966205238969,0.066940686923643,0.136991723554296,0.101965365004578,0.06693941521967,0.136991314789485,0.101963357005399,0.0669381162909416,0.136988597719857,0.101961560755921,0.0669362333459605,0.136986888165881,0.101960467177454,0.0669351772278753,0.136985757127034,0.101959151762237,0.0669341006297852,0.136984202894689,0.101957566763521,0.0669325537238529,0.13698257980319,0.101956512658733,0.0669312544543174,0.136981770863149,0.101955727573814,0.0669304397098296,0.136981015437799,0.101955140663569,0.0669297919471506,0.136980489379987,0.101953265022228,0.0669281108371016,0.136978419207355,0.101953128517177,0.0669279723415052,0.136978284692848,0.101951990055256,0.0669267518852697,0.136977228225242,0.101950489703595,0.0669262463476303,0.13697473305956,0.101950292945761,0.0669252752654742,0.136975310626048,0.10194977857918,0.0669245104589102,0.13697504669945,0.101949169090278,0.0669244857946148,0.136973852385942,0.101948393493876,0.0669231570191564,0.136973629968595
"2",0.124382619894122,0.0878926174767933,0.160872622311451,0.124000475543839,0.0875684236657797,0.160432527421898,0.123844996343856,0.0874375711960864,0.160252421491625,0.123760428749297,0.0873666644452783,0.160154193053316,0.123707477279188,0.0873220065494638,0.160092948008913,0.123671565446354,0.0872920499975136,0.160051080895194,0.123646204038661,0.0872713543821663,0.160021053695156,0.12362634363973,0.0872542276811302,0.15999845959833,0.123610836694173,0.0872415720437957,0.159980101344551,0.12359735876034,0.0872301063245468,0.159964611196134,0.123587402239716,0.0872220865501715,0.159952717929261,0.123578761350273,0.0872144882163942,0.159943034484152,0.123571783510336,0.0872088448494568,0.159934722171216,0.123565731562143,0.0872039762182859,0.159927486906001,0.123560110632059,0.0871993958886971,0.159920825375422,0.123555404831326,0.087195044847315,0.159915764815336,0.123550402755906,0.0871913460866449,0.159909459425167,0.123547234391038,0.0871885286025413,0.159905940179536,0.12354397305541,0.0871857399343056,0.159902206176514,0.123540638340311,0.087183031408459,0.159898245272164,0.123537350487031,0.0871800602891447,0.159894640684916,0.123534347758188,0.0871774967181134,0.159891198798263,0.123533085799422,0.0871767333242213,0.159889438274623,0.123530633502832,0.0871742181144723,0.159887048891192,0.123528879408065,0.0871733041061539,0.159884454709976,0.123527566664951,0.0871720802978435,0.159883053032058,0.123525095679781,0.0871699047843268,0.159880286575235,0.123523769672047,0.0871689484503703,0.159878590893724,0.123522248921098,0.087167627027678,0.159876870814518,0.123521515347288,0.0871670424196023,0.159875988274974,0.123520165411748,0.0871657961501306,0.159874534673366,0.123519069417739,0.0871648617490337,0.159873277086444,0.123517539700814,0.087163667934418,0.15987141146721,0.123516554077803,0.0871627861032265,0.15987032205238,0.123515830154661,0.0871621288108441,0.159869531498478,0.123514850445824,0.0871619015504346,0.159867799341213,0.123514367039093,0.0871610579162843,0.159867676161903,0.123512925454491,0.0871596458438667,0.159866205065116,0.123512102341133,0.0871593022099606,0.159864902472305,0.123510890463787,0.0871579364989055,0.159863844428669
"3",0.298314327705917,0.251017613813022,0.345611041598811,0.297818594073132,0.250669173188772,0.344968014957493,0.297619388906475,0.250528412993163,0.344710364819787,0.297511224901486,0.250452097654311,0.344570352148662,0.297443583830627,0.250404189469157,0.344482978192097,0.297395822338709,0.250370408693396,0.344421235984023,0.297363620264023,0.250348257546222,0.344378982981823,0.297338612986193,0.25033050190301,0.344346724069375,0.297319167846954,0.250317004059082,0.344321331634827,0.297305376210147,0.25030778695289,0.344302965467405,0.297289513495227,0.250296373630596,0.344282653359859,0.297277729386994,0.250287564802862,0.344267893971125,0.297267350728944,0.250280409674782,0.344254291783106,0.297258555210456,0.250274087271044,0.344243023149868,0.297253610778337,0.25027117718372,0.344236044372954,0.297247093953355,0.25026620084203,0.34422798706468,0.297241240482848,0.250262541534976,0.344219939430719,0.297235688715161,0.250258358491594,0.344213018938728,0.29722908599323,0.250253032097256,0.344205139889203,0.297225626634136,0.250250843748557,0.344200409519716,0.29722370748896,0.250249646586586,0.344197768391334,0.297222986826029,0.250249927332292,0.344196046319765,0.29721657846143,0.250244680870612,0.344188476052247,0.297216542284575,0.250244919344783,0.344188165224366,0.297216004136113,0.250245301486963,0.344186706785263,0.297209529435492,0.250239815914363,0.344179242956622,0.297210200238624,0.250240738680851,0.344179661796398,0.297206529452929,0.250237941988804,0.344175116917054,0.29720223306955,0.250234552880308,0.344169913258793,0.297202743087535,0.250235278388938,0.344170207786132,0.297201563205742,0.250234477545363,0.344168648866122,0.297201588567059,0.250234734108023,0.344168443026095,0.297196869416994,0.250230811087748,0.344162927746239,0.297199518829444,0.250233591528285,0.344165446130602,0.297198323458273,0.250232607118646,0.344164039797901,0.29719147675917,0.250227150503783,0.344155803014558,0.297194270609626,0.250229427538206,0.344159113681046,0.297194358557491,0.250229706373468,0.344159010741513,0.297190719144107,0.250226864757471,0.344154573530743,0.297191108341857,0.250227181840985,0.344155034842729
"4",0.0727117029530774,0.0456627382220522,0.0997606676841026,0.0724211363827272,0.0453805780580875,0.0994616947073669,0.0723077340450431,0.0452699306404816,0.0993455374496047,0.0722471797417916,0.0452103980704864,0.0992839614130968,0.0722096120283397,0.0451731357314093,0.09924608832527,0.0721855549820077,0.0451489574221697,0.0992221525418457,0.0721672185762287,0.0451309363243834,0.0992035008280739,0.072153684488257,0.0451168723638467,0.0991904966126672,0.0721427186324552,0.0451059714208017,0.0991794658441087,0.0721320831207404,0.045095322569796,0.0991688436716847,0.0721260660637432,0.0450892295118719,0.0991629026156146,0.0721200906514162,0.0450828597460631,0.0991573215567692,0.0721162165412402,0.0450788523485553,0.0991535807339251,0.0721119390588247,0.0450745674998616,0.0991493106177878,0.0721082291063989,0.0450707625582761,0.0991456956545218,0.0721045664811164,0.0450667703385041,0.0991423626237287,0.0721019178696787,0.0450642805618471,0.0991395551775102,0.072100026422857,0.0450621963057811,0.0991378565399328,0.0720975920496125,0.0450596032751723,0.0991355808240526,0.0720951780162261,0.0450572301691229,0.0991331258633292,0.0720927462216146,0.0450546155627105,0.0991308768805187,0.0720904510198106,0.0450522915512763,0.0991286104883448,0.072090272710739,0.0450520381923927,0.0991285072290852,0.0720876923778664,0.0450492933545629,0.0991260914011699,0.0720862653945822,0.0450481004952787,0.0991244302938857,0.0720864186429919,0.0450480632432036,0.0991247740427801,0.0720833952475484,0.0450451076557845,0.0991216828393122,0.0720827194041514,0.0450444103487775,0.0991210284595253,0.072083164833885,0.0450446670071636,0.0991216626606064,0.0720822261480959,0.0450436247686165,0.0991208275275752,0.0720809537797713,0.0450423336625225,0.0991195738970201,0.0720795574738215,0.0450409808201125,0.0991181341275305,0.0720795625452309,0.0450409107734173,0.0991182143170446,0.0720782157660262,0.0450395642578154,0.0991168672742371,0.072077381542447,0.0450386617384267,0.0991161013464674,0.0720786505825221,0.0450399767298136,0.0991173244352306,0.0720769093813849,0.0450381165548465,0.0991157022079233,0.0720753004627112,0.0450364842796767,0.0991141166457457,0.0720755356538723,0.0450368443089258,0.0991142269988187,0.0720738103174325,0.0450349291287549,0.0991126915061101
"5",0.113031085448344,0.0765259013923101,0.149536269504378,0.11284548885299,0.0763387534223788,0.149352224283601,0.112773661298552,0.0762644076034142,0.14928291499369,0.112734664490097,0.0762231773995479,0.149246151580645,0.112712040897408,0.0761983652636495,0.149225716531166,0.112696403993637,0.0761809501850523,0.149211857802222,0.112687765508489,0.0761709488065268,0.149204582210452,0.112679365786337,0.0761607289135251,0.14919800265915,0.112672584034735,0.0761531362488822,0.149192031820587,0.112665708072306,0.0761454510062466,0.149185965138366,0.112663474402084,0.0761424231051019,0.149184525699066,0.11265960022867,0.0761374145369061,0.149181785920434,0.112657493514923,0.0761348491063254,0.149180137923521,0.112655723661507,0.0761324984536141,0.1491789488694,0.112652582308212,0.0761289342837603,0.149176230332665,0.112651358697664,0.0761267957955665,0.149175921599762,0.112648103009241,0.0761236601931303,0.149172545825351,0.112648287075339,0.0761232316445075,0.149173342506171,0.112647050928021,0.0761215980707033,0.149172503785338,0.112646223722114,0.0761204766163301,0.149171970827898,0.112643795702794,0.0761176449135176,0.149169946492071,0.112641303809842,0.0761149496733459,0.149167657946338,0.112643190516451,0.0761164984528347,0.149169882580068,0.112641018677519,0.0761138617795027,0.149168175575536,0.112640924620551,0.0761139093745649,0.149167939866538,0.112640593418461,0.0761133023628596,0.149167884474062,0.112638519306725,0.0761110755865214,0.149165963026929,0.112638501774964,0.0761109731623255,0.149166030387603,0.112638534944206,0.0761108197388706,0.149166250149542,0.112638344146653,0.0761102211267013,0.149166467166604,0.112637724354489,0.0761094553213338,0.149165993387645,0.112637129574038,0.0761087107985689,0.149165548349507,0.11263689742131,0.0761083865726861,0.149165408269935,0.112636019956508,0.0761074429124377,0.149164597000578,0.112635544386416,0.0761066197991619,0.14916446897367,0.112636212696944,0.0761075554267546,0.149164869967134,0.112635851420148,0.0761067097322547,0.149164993108041,0.112633685990242,0.0761045533608921,0.149162818619593,0.112634664644821,0.0761057012540632,0.149163628035579,0.112633316662802,0.0761038987134721,0.149162734612131
"6",0.264610931240157,0.204597136564354,0.32462472591596,0.264070477476954,0.20417068017378,0.323970274780129,0.263850791282273,0.20399501427045,0.323706568294095,0.263730485014759,0.203898166000968,0.32356280402855,0.263656942767025,0.203838637496665,0.323475248037384,0.263605399637508,0.203796720808082,0.323414078466934,0.263571698906529,0.203769848884228,0.32337354892883,0.263542966695253,0.203745592942255,0.32334034044825,0.263521139601703,0.203728071127787,0.32331420807562,0.263503206268741,0.203713524942068,0.323292887595415,0.263490346654809,0.203703271461033,0.323277421848584,0.263477040122718,0.203691850839446,0.32326222940599,0.263468052716832,0.203684838319376,0.323251267114288,0.263458886073191,0.203677393978747,0.323240378167635,0.263450759655509,0.203670653935203,0.323230865375816,0.263444693806125,0.203665371952114,0.323224015660136,0.263437779805288,0.203659992390891,0.323215567219685,0.263433444439794,0.203656372803608,0.32321051607598,0.263429210513404,0.203653108279623,0.323205312747184,0.263425946301388,0.20365042049851,0.323201472104266,0.263420854372612,0.203645678910279,0.323196029834945,0.263414498775089,0.203640252320558,0.32318874522962,0.263414682524349,0.203640795372722,0.323188569675975,0.263411060662883,0.203637446645433,0.323184674680333,0.263409719862087,0.203637073250103,0.323182366474071,0.263405391366541,0.203633417369573,0.32317736536351,0.263403566028557,0.203631633330041,0.323175498727074,0.263402020536523,0.203630748524031,0.323173292549016,0.263399740695099,0.20362902947076,0.323170451919438,0.263397407475563,0.203626524306106,0.32316829064502,0.263395887808271,0.203625452443985,0.323166323172556,0.263394099033686,0.203623781134419,0.323164416932953,0.263392639622446,0.203622627078106,0.323162652166785,0.263391336248426,0.20362177576191,0.323160896734941,0.263388602565353,0.203619038645013,0.323158166485693,0.263388408784408,0.203619731603279,0.323157085965538,0.263387908687168,0.203618785400402,0.323157031973934,0.263385871142439,0.203616854380186,0.323154887904692,0.263385357616213,0.203617065906674,0.323153649325751,0.263383700203662,0.203614973422553,0.323152426984771
"7",0.448538864054166,0.37047156200694,0.526606166101392,0.448218457438042,0.370278658707826,0.526158256168258,0.448099040277826,0.370214227284525,0.525983853271127,0.448039332107396,0.37018573766604,0.525892926548751,0.448005805372847,0.370171892552256,0.525839718193438,0.447984401784062,0.370164353481335,0.525804450086789,0.447969051911305,0.370159458665211,0.525778645157399,0.447957284280964,0.370154662921955,0.525759905639974,0.447950633661834,0.370154549132416,0.525746718191253,0.447941982612558,0.370151722763766,0.52573224246135,0.44793716195864,0.370151102964497,0.525723220952783,0.44793432642676,0.370151235821501,0.525717417032019,0.447931436888071,0.370151414486993,0.525711459289149,0.447927642207483,0.370150356997523,0.525704927417443,0.447926566186186,0.370151597769297,0.525701534603074,0.447924615818438,0.370151220790461,0.525698010846416,0.447921224465615,0.370150128395959,0.525692320535271,0.447919854930159,0.370150115534609,0.525689594325709,0.447922336241266,0.370153932449709,0.525690740032823,0.447919467313068,0.370152503027954,0.525686431598182,0.447917124100964,0.370150860476495,0.525683387725432,0.447914504980523,0.370149837659483,0.525679172301563,0.447915018242036,0.370150984651664,0.525679051832408,0.447914184799054,0.37015087530968,0.525677494288428,0.44791433259607,0.370152646005148,0.525676019186991,0.447914822029515,0.370153535978939,0.525676108080092,0.447912887944901,0.370152317050543,0.525673458839259,0.447913873146524,0.37015429442901,0.525673451864038,0.44791362088005,0.370154649016637,0.525672592743464,0.447910378261926,0.370151475523335,0.525669281000518,0.447912757825408,0.370154475098164,0.525671040552651,0.447910078388223,0.37015235647036,0.525667800306086,0.447910378270268,0.370152944726704,0.525667811813832,0.447909703881857,0.370153104549929,0.525666303213785,0.447910287573739,0.370153647418158,0.52566692772932,0.447910176353156,0.370154648647178,0.525665704059134,0.447911702883263,0.370155628847201,0.525667776919326,0.447909637635743,0.370154275424723,0.525664999846763,0.447909259779939,0.370154838541672,0.525663681018207,0.447907593472207,0.370152762960189,0.525662423984224
"8",0.30747963182831,0.237091439682953,0.377867823973667,0.306739784688068,0.236507060349007,0.376972509027129,0.306435566805247,0.236264133548464,0.37660700006203,0.306266620334035,0.236128114338203,0.376405126329867,0.306162060463279,0.236043422936695,0.376280697989864,0.306091320703684,0.235986501489851,0.376196139917517,0.306044078858614,0.235948927895399,0.376139229821829,0.30600357687584,0.235914935729693,0.376092218021987,0.30597198159698,0.235889515229976,0.376054447963983,0.305944760669377,0.235867123988438,0.376022397350315,0.305928098915284,0.235854169767321,0.376002028063247,0.305909208755604,0.235838154028405,0.375980263482803,0.305896359910387,0.235827921700466,0.375964798120307,0.305884271172001,0.235818282079404,0.375950260264598,0.305872133786351,0.235808253125876,0.375936014446826,0.30586334934621,0.235800596820271,0.375926101872148,0.30585193806264,0.235791250176837,0.375912625948442,0.305847324395538,0.235787792397231,0.375906856393845,0.305841420559782,0.235783102803461,0.375899738316103,0.305836134033744,0.235778819762437,0.375893448305052,0.305827525749738,0.23577092638349,0.375884125115986,0.305819753844054,0.235764432419443,0.375875075268665,0.305820694313508,0.235765887810162,0.375875500816855,0.305814008095408,0.235759676655001,0.375868339535814,0.305812597972051,0.235759642975874,0.375865552968227,0.305807274809695,0.235754972467548,0.375859577151843,0.305802394968111,0.235750401374943,0.37585438856128,0.305800497963023,0.235749236476145,0.375851759449902,0.305797837839957,0.235747296747363,0.375848378932551,0.305795832925751,0.235745287242485,0.375846378609016,0.305792499897397,0.235742491050342,0.375842508744451,0.305790216425183,0.235740441814972,0.375839991035395,0.305788503675574,0.235739142964606,0.375837864386542,0.30578515293637,0.235736344038982,0.375833961833757,0.305782110359267,0.235733427608295,0.375830793110239,0.305782973947104,0.235735399354627,0.375830548539582,0.305781142161111,0.235733023221786,0.375829261100436,0.305777508075411,0.235729637343984,0.375825378806838,0.305777345465476,0.235730433877362,0.375824257053589,0.305773775751714,0.235726372622809,0.37582117888062
"9",0.333138838839957,0.258588917404976,0.407688760274937,0.332547409104185,0.258143461763586,0.406951356444783,0.332298606443992,0.2579547007122,0.406642512175783,0.332160513186254,0.257849807183519,0.406471219188988,0.332072819184955,0.257782872196655,0.406362766173255,0.332012937148694,0.257737681975609,0.40628819232178,0.331969067457395,0.257704711728516,0.406233423186273,0.331934374761399,0.257677349673559,0.406191399849239,0.33190722738238,0.257656949049215,0.406157505715544,0.331884377650429,0.257639758861201,0.406128996439657,0.331866369813717,0.257626289356237,0.406106450271198,0.331851271107917,0.257614213259754,0.40608832895608,0.33183853958173,0.25760476836539,0.40607231079807,0.331827204763267,0.257596276459936,0.406058133066597,0.331818250196256,0.257589914643599,0.406046585748912,0.331809405533718,0.257582489916215,0.40603632115122,0.331799479965807,0.257575054958333,0.406023904973281,0.331793916450309,0.257570971438208,0.406016861462411,0.331788500932818,0.257566867323717,0.406010134541919,0.331781902797264,0.257561788962971,0.406002016631557,0.33177657501521,0.25755731760341,0.405995832427011,0.331771662176814,0.257553789193924,0.405989535159705,0.331767768271624,0.257550905329147,0.405984631214102,0.33176384024176,0.257547576754342,0.405980103729178,0.33176285904564,0.257548419751345,0.405977298339936,0.331758036918298,0.257543946439504,0.405972127397093,0.33175441787596,0.257540973647632,0.405967862104289,0.331750980798919,0.257538504722882,0.405963456874957,0.331747907834042,0.25753628379839,0.405959531869695,0.331746342020243,0.257534893391344,0.405957790649143,0.331744062205741,0.257533105867653,0.405955018543828,0.331741868138971,0.25753139004185,0.405952346236092,0.33173908654586,0.257529113720131,0.405949059371588,0.331735310271204,0.25752605211166,0.405944568430747,0.331736765953725,0.257527473092683,0.405946058814768,0.331733554810537,0.257525621151519,0.405941488469554,0.331733893627046,0.257525384149592,0.405942403104501,0.331730010511093,0.257522035793495,0.40593798522869,0.331729053081652,0.25752209584263,0.405936010320674,0.331726700964134,0.257519369197271,0.405934032730996
"10",0.220798575692267,0.155086901189085,0.286510250195449,0.220338541957893,0.154716567655843,0.285960516259942,0.220157111178883,0.154571275227263,0.285742947130503,0.220058763255462,0.15449265742811,0.285624869082814,0.219998302162664,0.154444455125619,0.28555214919971,0.21995713591863,0.154412077936753,0.285502193900508,0.219928474106018,0.15439027650981,0.285466671702225,0.219905441267265,0.154371229351677,0.285439653182854,0.21988755104086,0.154357540045134,0.285417562036586,0.219872437282709,0.154345370183783,0.285399504381636,0.219861681138056,0.15433761027987,0.285385751996241,0.219850223182318,0.154327609654149,0.285372836710487,0.219843083356707,0.15432260562901,0.285363561084405,0.219834802578993,0.154316200436619,0.285353404721367,0.219829439907573,0.154312331761176,0.28534654805397,0.219823704104362,0.154307210402924,0.285340197805799,0.219817998484534,0.15430300502837,0.285332991940699,0.219814270440462,0.154300323450046,0.285328217430878,0.219810380348158,0.154297070718412,0.285323689977903,0.219807208670726,0.154294881263411,0.285319536078041,0.219803181691256,0.154291047390939,0.285315315991573,0.219799155074848,0.154287849909434,0.285310460240261,0.219798163470038,0.154287695751777,0.285308631188299,0.219795806021607,0.154285314951246,0.285306297091969,0.219794975639267,0.154286075893194,0.28530387538534,0.219790295491448,0.154281408622701,0.285299182360196,0.219789507888191,0.154280752174234,0.285298263602149,0.219787326843082,0.154279360647665,0.285295293038498,0.219785463550338,0.154278136802279,0.285292790298397,0.219784205373418,0.15427696341869,0.285291447328146,0.219782482828626,0.154275397865828,0.285289567791424,0.219781392976024,0.154274496061289,0.285288289890759,0.21977964102246,0.154273109389272,0.285286172655649,0.219778020758764,0.154271774914241,0.285284266603288,0.219776578707552,0.154270444723614,0.285282712691491,0.219776256838639,0.154271195462836,0.285281318214442,0.219775648871084,0.154270036336851,0.285281261405317,0.219773888119161,0.154268270086573,0.28527950615175,0.219773403521789,0.15426869346217,0.285278113581408,0.219772387703711,0.154267094934546,0.285277680472875
"11",0.29228509148883,0.211285253363502,0.373284929614157,0.291710443977604,0.21083769987048,0.372583188084729,0.291461520284301,0.210641370134484,0.372281670434118,0.291314456936294,0.210524485922873,0.372104427949715,0.291222113044657,0.210451125518056,0.371993100571258,0.291155474009313,0.210398712733859,0.371912235284767,0.291115132618542,0.210368748604509,0.371861516632575,0.291075593975804,0.210336468398336,0.371814719553272,0.291043608915356,0.210311448021279,0.371775769809433,0.291012703367003,0.210285635298883,0.371739771435122,0.29099824202327,0.210276182075349,0.371720301971191,0.290978276458975,0.210259106051013,0.371697446866936,0.290965471729376,0.210249992592863,0.37168095086589,0.290954159033563,0.210241759120504,0.371666558946622,0.290939052236903,0.210229257002765,0.371648847471041,0.290930854025551,0.210222487355046,0.371639220696057,0.290916482001878,0.210210993641918,0.371621970361838,0.290913249737033,0.210209344668171,0.371617154805895,0.290905728552241,0.210202888467839,0.371608568636643,0.290900747290494,0.21019963767575,0.371601856905237,0.290889596700244,0.210189395195368,0.37158979820512,0.290878619930992,0.210180194956375,0.371577044905609,0.290883167242311,0.210185742570075,0.371580591914548,0.290873532487483,0.210176493829769,0.371570571145196,0.290872883411993,0.210177744743279,0.371568022080707,0.290867097521733,0.21017259621803,0.371561598825436,0.290860095664535,0.210166158659328,0.371554032669741,0.290857728033895,0.210165045027019,0.371550411040772,0.290855766588794,0.210164103277221,0.371547429900366,0.290853954972736,0.210162546945773,0.371545362999699,0.290850018964054,0.21015898851967,0.371541049408439,0.290846771051377,0.210156193777073,0.37153734832568,0.290845323645198,0.210155315776045,0.371535331514351,0.290840930344644,0.210151771435867,0.371530089253421,0.290838548649433,0.21014944744216,0.371527649856706,0.290839310272176,0.21015175122526,0.371526869319091,0.290837548251268,0.210149255418417,0.37152584108412,0.290828769819273,0.210140886414286,0.37151665322426,0.290831380578338,0.210144906428092,0.371517854728584,0.290826383756134,0.210139535759459,0.371513231752809
"12",0.322822190568931,0.258765865031829,0.386878516106032,0.322601931419054,0.258621166422226,0.386582696415883,0.322512669532876,0.258563958513269,0.386461380552484,0.3224677309134,0.258536775201185,0.386398686625614,0.322439675064857,0.258519642910209,0.386359707219505,0.322420617939037,0.258508289135743,0.386332946742331,0.322405655565974,0.258498957234754,0.386312353897193,0.322396764953895,0.258493778333118,0.386299751574671,0.322390897019071,0.258491572675945,0.386290221362198,0.322385726777553,0.25848890101359,0.386282552541516,0.322378856444191,0.258484466899384,0.386273245988997,0.322376617295381,0.25848346296513,0.386269771625632,0.322372191206793,0.258480689810478,0.386263692603107,0.322369955853186,0.25848001394031,0.386259897766061,0.322368322792292,0.258479488340942,0.386257157243642,0.322365630214685,0.258477485956244,0.386253774473125,0.32236580004553,0.258478769427247,0.386252830663813,0.32236250316005,0.258476226308736,0.386248780011364,0.322360539368251,0.258474844041265,0.386246234695236,0.322358338424568,0.258473311280461,0.386243365568675,0.322359359915246,0.258474490671043,0.38624422915945,0.322359318184477,0.258475301754474,0.386243334614481,0.322356265142697,0.258472623461326,0.386239906824067,0.322357681666868,0.258474162014863,0.386241201318873,0.322355619716415,0.258473098659505,0.386238140773326,0.322355879644247,0.25847355357428,0.386238205714213,0.322357415436551,0.258475095561162,0.38623973531194,0.32235474710603,0.258473209166377,0.386236285045683,0.322354868585733,0.258473599835341,0.386236137336126,0.322353843935201,0.258472618943342,0.386235068927061,0.322352941312712,0.258471939729652,0.386233942895772,0.322354014065857,0.258473211293923,0.386234816837792,0.322351418038897,0.258470752700934,0.38623208337686,0.322352312106827,0.258472081022534,0.386232543191119,0.322353094904001,0.258472877335926,0.386233312472076,0.322350310457931,0.258470882298986,0.386229738616877,0.322351979634918,0.258472030571713,0.386231928698123,0.322352710543638,0.258472838408846,0.386232582678431,0.322351959922931,0.25847274766974,0.386231172176121,0.322352406459465,0.258472927266744,0.386231885652185
"13",0.420673747804248,0.344104413224262,0.497243082384234,0.4199820356826,0.343556278794706,0.496407792570494,0.419686141506286,0.343319274686735,0.496053008325837,0.419521746972463,0.343186876153871,0.495856617791055,0.419419994009993,0.343104657589796,0.49573533043019,0.419346946700489,0.343045129144329,0.49564876425665,0.419300355066537,0.343007869723241,0.495592840409834,0.41926173393699,0.342976103490885,0.495547364383095,0.419232804891376,0.342953258171037,0.495512351611715,0.419204665587742,0.342929598293701,0.495479732881782,0.419186249106368,0.342915091941635,0.495457406271101,0.419169769300033,0.342901003928277,0.495438534671788,0.419156008608186,0.342890087606274,0.495421929610098,0.419146201792909,0.342882577426096,0.495409826159722,0.419132734097878,0.342871175160946,0.49539429303481,0.419124505675609,0.342864188411148,0.49538482294007,0.419113590801983,0.342855255452119,0.495371926151847,0.419109846019669,0.342852575885987,0.495367116153351,0.41910246348883,0.342846311728734,0.495358615248925,0.419097149045416,0.342841998378099,0.495352299712732,0.419090367934957,0.342835874385306,0.495344861484607,0.419083954790885,0.342830815871455,0.495337093710314,0.419082665676631,0.342829977000078,0.495335354353183,0.419077525835956,0.342825312138229,0.495329739533683,0.419072454066915,0.342821491646678,0.495323416487152,0.419071715956726,0.342821203692681,0.495322228220771,0.419067150799636,0.342816936402851,0.495317365196421,0.419063897868319,0.342814705382971,0.495313090353667,0.419061959036487,0.342813213620668,0.495310704452307,0.419059582255877,0.342810967255566,0.495308197256188,0.419057276151202,0.34280913599448,0.495305416307923,0.41905498160115,0.342807232933513,0.495302730268787,0.419052366117401,0.342804846782925,0.495299885451877,0.419051347142784,0.342804419490413,0.495298274795154,0.419049200514129,0.342802385814322,0.495296015213937,0.419047129541281,0.342801349297878,0.495292909784683,0.419047272933684,0.342800875956097,0.495293669911271,0.419042967076351,0.34279703098238,0.495288903170322,0.419043012442809,0.342797693964712,0.495288330920906,0.419040656960242,0.342795217630592,0.495286096289893
"14",0.524873792702505,0.440585694074095,0.609161891330914,0.52411556554721,0.43998930858345,0.608241822510969,0.52379763596925,0.439739044245118,0.607856227693382,0.52362226739395,0.439601133239377,0.607643401548524,0.523511761798681,0.43951411133073,0.607509412266632,0.523434898800348,0.439453720401772,0.607416077198923,0.523382101489118,0.439412743684028,0.607351459294208,0.523339188436099,0.439378466468446,0.607299910403753,0.523309066039985,0.439355907899371,0.607262224180598,0.523279258092679,0.439331860653246,0.607226655532112,0.52325764700915,0.439315387799735,0.607199906218566,0.523238439839025,0.439299570929778,0.607177308748272,0.523224190210884,0.439288997020676,0.607159383401093,0.523210014955641,0.439277980832104,0.607142049079177,0.52319786364098,0.439268376579852,0.607127350702108,0.523188655981632,0.439261012847416,0.607116299115849,0.523176566641578,0.439251374643725,0.607101758639431,0.523171276742732,0.439247658729149,0.607094894756315,0.523163543158404,0.439241643047279,0.607085443269528,0.523157670020548,0.439237032125803,0.607078307915293,0.523151081825091,0.439231339288525,0.607070824361657,0.523142763818765,0.439224724507137,0.607060803130393,0.523141190102262,0.439224039956621,0.607058340247902,0.52313616611581,0.439219618819351,0.607052713412269,0.523130899683627,0.439215995924805,0.607045803442449,0.52312844492737,0.439214271663833,0.607042618190908,0.523123558749642,0.439209720611782,0.607037396887502,0.523121441227816,0.439208856139283,0.607034026316349,0.523116032793754,0.439204151770057,0.607027913817451,0.523115057028328,0.439203461871053,0.607026652185603,0.52311346640787,0.439202541494713,0.607024391321027,0.523109760589763,0.439199431362827,0.607020089816699,0.523106479275299,0.439196586518628,0.607016372031971,0.523102492545783,0.439193391594567,0.607011593497,0.523103269469264,0.43919423324425,0.607012305694278,0.523099730123658,0.439192253190279,0.607007207057037,0.523100220707805,0.439191980379908,0.607008461035701,0.523097899853498,0.439189972485588,0.607005827221407,0.523094865673406,0.439187955435143,0.60700177591167,0.523094015844168,0.439186877332428,0.607001154355908
"15",0.530091256722842,0.446304617880249,0.613877895565435,0.529533304215581,0.445899290684071,0.61316731774709,0.529334977172271,0.445759356201343,0.612910598143198,0.529238795954129,0.445693459920766,0.612784131987492,0.529186216743042,0.445658800800218,0.612713632685865,0.529151365724476,0.445636123010644,0.612666608438308,0.529126595843632,0.445619800061365,0.612633391625899,0.529110642764547,0.445609538783247,0.612611746745847,0.529098573594217,0.445602724074939,0.612594423113495,0.529092069386673,0.4455997716226,0.612584367150746,0.529083822940668,0.445594963500063,0.612572682381273,0.529079693199433,0.445592604971777,0.612566781427088,0.529076760100349,0.445592066945459,0.612561453255239,0.52907264326709,0.44558982165603,0.61255546487815,0.529068574255632,0.445587331715054,0.61254981679621,0.529067137512638,0.445586715004038,0.612547560021239,0.529064637913367,0.445585805560242,0.612543470266492,0.529062749722602,0.445584727779345,0.612540771665858,0.529061552526053,0.445584590883182,0.612538514168924,0.529060408149057,0.445584037616736,0.612536778681379,0.529058131098075,0.445582081210825,0.612534180985325,0.529059202412597,0.44558415405303,0.612534250772164,0.529057170045612,0.445582640044017,0.612531700047207,0.529056447758523,0.445582057233307,0.61253083828374,0.529056673825647,0.445583520970327,0.612529826680968,0.529056077661574,0.445583198669416,0.612528956653732,0.529052813376554,0.44558004772467,0.612525579028437,0.529054474898332,0.445582452386781,0.612526497409884,0.52905264121313,0.445580954202581,0.612524328223679,0.529051821850439,0.445580133575095,0.612523510125782,0.529054016375806,0.445582711236515,0.612525321515097,0.529053997846962,0.445583006583783,0.612524989110141,0.529051610318116,0.445580767483345,0.612522453152887,0.529053932336696,0.445583505713209,0.612524358960183,0.529052634082554,0.445582150283931,0.612523117881178,0.529050566862186,0.445581577809509,0.612519555914864,0.529052374324014,0.445582325109015,0.612522423539013,0.529052400420964,0.445582404088686,0.612522396753241,0.529051610799523,0.445582400991944,0.612520820607103,0.529050473285758,0.445580855958681,0.612520090612835
"16",0.25063237291893,0.181634626983552,0.319630118854309,0.250135693261835,0.181231930970696,0.319039455552974,0.249942264287558,0.181073272889169,0.318811255685947,0.249840603609153,0.180989170610908,0.318692036607397,0.249779545763804,0.180938286560958,0.31862080496665,0.249738047926186,0.180903633859707,0.318572461992666,0.249708526099241,0.180878706999796,0.318538345198685,0.249686656343871,0.180859765266593,0.31851354742115,0.249669476409244,0.180845543251332,0.318493409567156,0.249655567248235,0.180833648515087,0.318477485981384,0.249644735236873,0.180824810304388,0.318464660169359,0.249635836236417,0.180816490812663,0.31845518166017,0.249628670205177,0.180810856635353,0.318446483775001,0.249621929900674,0.180805069449134,0.318438790352215,0.249616438082488,0.180800465633785,0.31843241053119,0.249611500221396,0.180795671792574,0.318427328650218,0.249606826349525,0.1807921422877,0.318421510411349,0.249603138372512,0.180788697846197,0.318417578898827,0.249600140206578,0.180786374968019,0.318413905445137,0.249596538433839,0.180783022056831,0.318410054810846,0.249593471355934,0.180779910100596,0.318407032611273,0.249591235866893,0.180778511248984,0.318403960484802,0.249589177584115,0.180776594652407,0.318401760515824,0.249586835882706,0.180774105242491,0.31839956652292,0.249585911156347,0.180774331467299,0.318397490845394,0.249583919755281,0.180772305438667,0.318395534071894,0.249581615170615,0.180769934072183,0.318393296269048,0.249580438811996,0.180769333038512,0.318391544585479,0.249579031618845,0.180768013610824,0.318390049626866,0.249577475982331,0.18076622363567,0.318388728328992,0.24957663651076,0.180765804367271,0.31838746865425,0.249575575381467,0.180764938555849,0.318386212207084,0.249573917483906,0.180763235420029,0.318384599547783,0.249573596086133,0.180763341569627,0.318383850602639,0.24957250411847,0.180761954582685,0.318383053654256,0.249571279015386,0.180762096530283,0.31838046150049,0.249571274832719,0.180760986140765,0.318381563524674,0.249569503320533,0.180759164097947,0.31837984254312,0.249569063625476,0.180759409971203,0.31837871727975,0.249567788183666,0.180757596556424,0.318377979810908
"17",0.308919983145575,0.232715588722362,0.385124377568788,0.308468204287475,0.232352608731176,0.384583799843775,0.308295142242592,0.232212596754111,0.384377687731074,0.308204195382524,0.232138842094767,0.38426954867028,0.308149248939377,0.232094060291731,0.384204437587023,0.308111168466066,0.232063342430509,0.384158994501624,0.30808360481115,0.23204090633456,0.384126303287739,0.308063437002549,0.232023999926197,0.384102874078901,0.308047252610608,0.232011061361603,0.384083443859612,0.308035131740268,0.232001210087817,0.384069053392719,0.308024068241993,0.23199263015648,0.384055506327506,0.308015841274332,0.231985126405074,0.38404655614359,0.308008152202054,0.231979410652559,0.38403689375155,0.308001294574055,0.231973740306098,0.384028848842011,0.307996671951974,0.231970309822135,0.384023034081813,0.307991741854902,0.231965562512257,0.384017921197546,0.307987011269144,0.231962342029332,0.384011680508956,0.307982713459059,0.231958438221202,0.384006988696916,0.307980187159723,0.231956752304627,0.384003622014819,0.307976257096161,0.231953239536474,0.383999274655847,0.307973706159554,0.231950623003393,0.383996789315716,0.307972442374008,0.23195039010399,0.383994494644026,0.307968832039423,0.231947191269115,0.383990472809732,0.307967611879857,0.231945700647252,0.383989523112463,0.30796701413803,0.231946668871302,0.383987359404759,0.307963999168515,0.231943656284242,0.383984342052787,0.307962776450866,0.231942383000714,0.383983169901018,0.307961106363017,0.231941381351167,0.383980831374867,0.307959373458003,0.231939908552248,0.383978838363757,0.307957392251005,0.231937769824503,0.383977014677507,0.307956699238985,0.23193748825095,0.38397591022702,0.30795624726582,0.231937234195974,0.383975260335665,0.307953562871018,0.231934676236285,0.38397244950575,0.307954514028394,0.231936132682555,0.383972895374233,0.307952908129075,0.231934157034271,0.383971659223879,0.307950402045319,0.231933364014448,0.38396744007619,0.307951396471066,0.231933129005918,0.383969663936215,0.30794983911576,0.231931410386396,0.383968267845124,0.307948749131979,0.23193133201788,0.383966166246079,0.307948335902564,0.231930293826641,0.383966377978487
"18",0.406022602213267,0.319213944431396,0.492831259995139,0.405532054580607,0.31885164229734,0.492212466863873,0.40535587525029,0.318720864437895,0.491990886062686,0.405268490052521,0.318655792475384,0.491881187629657,0.405218032276052,0.318617673426829,0.491818391125275,0.405186915704135,0.318594933784109,0.491778897624161,0.405165460426292,0.318579157993849,0.491751762858735,0.405150502847497,0.318567512641904,0.49173349305309,0.405137877184876,0.318558001894662,0.49171775247509,0.405128720015674,0.318551092243218,0.491706347788131,0.405122085921213,0.318546679076111,0.491697492766315,0.405117045467695,0.31854197735292,0.491692113582469,0.405112640561207,0.318539380395113,0.491685900727301,0.405108350058549,0.318535950678846,0.491680749438251,0.405106345596817,0.318534998691818,0.491677692501816,0.405103268852925,0.318531711860933,0.491674825844916,0.405099956659622,0.318529901366029,0.491670011953215,0.405097916914813,0.318527854449241,0.491667979380386,0.405097525382891,0.318527997884614,0.491667052881168,0.405094775512901,0.318525517958209,0.491664033067593,0.405092945222532,0.318523353851456,0.491662536593609,0.405092598383503,0.318523879007555,0.491661317759451,0.405091286547878,0.318522856483705,0.491659716612051,0.40509040136561,0.318521528613978,0.491659274117243,0.405091413388483,0.318524030691462,0.491658796085503,0.405090058790771,0.318522445724944,0.491657671856598,0.405088536992249,0.318520857073586,0.491656216910911,0.40508755270869,0.31852032015527,0.491654785262111,0.40508896244371,0.318521898080446,0.491656026806974,0.405086919624748,0.31851951448159,0.491654324767905,0.405086429645568,0.318519337488576,0.49165352180256,0.40508716743815,0.318520114886069,0.491654219990231,0.405084793499076,0.318517703259759,0.491651883738393,0.405087656955402,0.318521095782396,0.491654218128408,0.405084859636574,0.318517735558401,0.491651983714746,0.405084073513491,0.318518642440114,0.491649504586868,0.405085114433636,0.318518233648496,0.491651995218777,0.405083653566854,0.318516713011207,0.491650594122501,0.405082915440043,0.31851691303912,0.491648917840966,0.405082766313344,0.318515951903208,0.491649580723479
"19",0.268182016790543,0.200058136779577,0.33630589680151,0.267928639106314,0.199866147188379,0.335991131024249,0.267823829303447,0.199785328302993,0.3358623303039,0.267767774538824,0.199741854158512,0.335793694919136,0.267732385322455,0.199713710346137,0.335751060298772,0.267708334544672,0.199694828326097,0.335721840763248,0.267691028051301,0.199681424869338,0.335700631233265,0.26767857240844,0.199670996395306,0.335686148421574,0.267669297212206,0.199663936703428,0.335674657720983,0.267662389949761,0.199658474712016,0.335666305187507,0.267654409605084,0.199652162033087,0.335656657177081,0.267650045861392,0.19964800932504,0.335652082397745,0.267644516338912,0.199643804416901,0.335645228260923,0.267640394921378,0.199640455179858,0.335640334662898,0.267638300023898,0.199639174209192,0.335637425838603,0.267635288775636,0.199636017374093,0.335634560177179,0.267632354009403,0.199634195282633,0.335630512736173,0.267629260989728,0.199631174581417,0.33562734739804,0.267628053725648,0.199630369205483,0.335625738245813,0.267625203374479,0.19962773353305,0.335622673215908,0.267624753210284,0.199626980923257,0.335622525497311,0.267624209913133,0.199627095529041,0.335621324297226,0.267621133982333,0.199624400754738,0.335617867209927,0.267621547365025,0.199624425269128,0.335618669460923,0.267621103589662,0.199625241186156,0.335616965993168,0.267619243150854,0.199623254411444,0.335615231890263,0.267619469564052,0.199623391967974,0.33561554716013,0.267617996806281,0.199622284098406,0.335613709514155,0.267616617160952,0.199621110755258,0.335612123566646,0.267615576988836,0.199619890648406,0.335611263329266,0.267615201890758,0.199619721827118,0.335610681954398,0.267615551429744,0.199620087244612,0.335611015614876,0.267612986191147,0.199617483809818,0.335608488572476,0.267614573855438,0.199619536494952,0.335609611215923,0.267613808845528,0.199618371290292,0.335609246400764,0.267610832900683,0.199616694976412,0.335604970824954,0.267612767067762,0.199617599230694,0.33560793490483,0.267613136295906,0.199617856520087,0.335608416071726,0.267611096481232,0.199616636331162,0.335605556631301,0.267611378751194,0.199616195544896,0.335606561957492
"20",0.262363531113085,0.191885360059229,0.332841702166942,0.261909356922148,0.191519290694944,0.332299423149353,0.261720108924745,0.191365132205776,0.332075085643713,0.261616936726744,0.191280771935779,0.331953101517709,0.261552335858125,0.191227380587479,0.331877291128772,0.261508423402026,0.191191182657987,0.331825664146064,0.261477550625665,0.19116624898354,0.33178885226779,0.261453627965642,0.191145750928449,0.331761505002835,0.261435393874152,0.19113108987978,0.331739697868525,0.261418807969649,0.191116990750639,0.331720625188658,0.261406773254267,0.191107270168934,0.3317062763396,0.261397181007206,0.191098651047951,0.331695710966461,0.261388488799393,0.191091618658428,0.331685358940358,0.261381470065875,0.191086024651179,0.331676915480572,0.261375221528633,0.191080967120357,0.33166947593691,0.261369488700147,0.191075556555319,0.331663420844974,0.261363817279374,0.191071338811304,0.331656295747443,0.261359832529319,0.191067673964421,0.331651991094216,0.261356079598068,0.19106450515028,0.331647654045855,0.261351770028269,0.191060701249546,0.331642838806991,0.261348753310923,0.191057658555828,0.331639848066017,0.261345196481722,0.191054962694452,0.331635430268993,0.261343439387106,0.191053677859701,0.331633200914511,0.261340531599874,0.191050653825748,0.331630409373999,0.261338811284175,0.191050303133203,0.331627319435148,0.261337595761105,0.191049040744354,0.331626150777856,0.261334907948477,0.191046592424528,0.331623223472426,0.26133310937988,0.191045215742391,0.331621003017369,0.261331719501795,0.191044012900085,0.331619426103504,0.261330550374301,0.191042902836575,0.331618197912028,0.26132878396,0.191041376138249,0.331616191781751,0.261327501572951,0.191040219511802,0.3316147836341,0.26132553309605,0.191038191749736,0.331612874442365,0.261325053539211,0.191038327150739,0.331611779927682,0.261324104125634,0.191037123412797,0.331611084838471,0.261322607829416,0.191036650536279,0.331608565122554,0.261322610933177,0.191036041926682,0.331609179939672,0.261320873767442,0.191034339730489,0.331607407804395,0.261320072130034,0.191034420936864,0.331605723323204,0.261318250687232,0.191031940140249,0.331604561234215
"21",0.400294118921049,0.320215760706282,0.480372477135815,0.399742675534792,0.319776529855531,0.479708821214054,0.399502035132886,0.319584274882205,0.479419795383567,0.399366714665652,0.319476555560108,0.479256873771197,0.39927976288192,0.319407132885266,0.479152392878573,0.399216873569221,0.319356775997171,0.47907697114127,0.399174518424978,0.31932407882013,0.479024958029826,0.399139569565525,0.319295393084546,0.478983746046505,0.399114672439266,0.319276556557282,0.47895278832125,0.399092565487161,0.319258918020399,0.478926212953923,0.399072541227947,0.319243044180201,0.478902038275693,0.39905872243466,0.319231651169719,0.4788857936996,0.399044096271337,0.319219928203605,0.478868264339069,0.399033336646717,0.319211924084617,0.478854749208817,0.39902392990906,0.319204603627281,0.478843256190838,0.399016046648084,0.319197961457921,0.478834131838247,0.399007663637393,0.319191847397166,0.478823479877621,0.398999779585868,0.31918509393157,0.478814465240167,0.398993578189372,0.319180047351029,0.478807109027716,0.398987400180873,0.319175006848446,0.478799793513301,0.39898370661216,0.319171643702542,0.478795769521779,0.398978483709556,0.319167752498325,0.478789214920788,0.398973791641502,0.319164167300608,0.478783415982396,0.398971330348781,0.31916188820027,0.478780772497292,0.398968129229327,0.319160497614181,0.478775760844474,0.398964553606568,0.319157359357229,0.478771747855906,0.39896368469751,0.319156866105311,0.478770503289708,0.398959289757284,0.319153344211335,0.478765235303233,0.39895506460971,0.319149606411863,0.478760522807557,0.39895379633127,0.319148657749357,0.478758934913183,0.398951356831369,0.319146729480867,0.478755984181871,0.398949974881248,0.319145703495732,0.478754246266764,0.398945682953548,0.319141562003059,0.478749803904037,0.398945562142593,0.319142298021276,0.478748826263911,0.398944522688774,0.319141148850494,0.478747896527053,0.398939638981097,0.319137495035054,0.47874178292714,0.398941585383261,0.319139080468423,0.478744090298099,0.398941044186735,0.319138677934459,0.478743410439012,0.398938386348484,0.319137231126252,0.478739541570717,0.398936278201809,0.319134491769907,0.478738064633711
"22",0.292567736304593,0.212498889317897,0.372636583291289,0.292096800347554,0.212136483754204,0.372057116940904,0.291897552838283,0.21197977504913,0.371815330627436,0.291786651701437,0.211892119072254,0.371681184330619,0.291717168833379,0.211836712765377,0.371597624901381,0.291668267693847,0.21179780768436,0.371538727703334,0.291635345819479,0.211772277471122,0.371498414167836,0.291608242104756,0.211749478059568,0.371467006149944,0.291587765976151,0.21173389702031,0.371441634931991,0.291569565513687,0.211718969498132,0.371420161529242,0.291555993122919,0.211708481321588,0.37140350492425,0.291544637423504,0.211698615507945,0.371390659339064,0.29153454789714,0.211690437012006,0.371378658782273,0.291526611363614,0.211684828601658,0.37136839412557,0.291518618636054,0.211678289827136,0.371358947444971,0.2915129180027,0.211673227124604,0.371352608880796,0.29150568732161,0.211667809742997,0.371343564900222,0.291501198476896,0.211663973478787,0.371338423475005,0.291496653280203,0.211660177904982,0.371333128655424,0.2914923382733,0.211656586273297,0.371328090273304,0.291487774490789,0.211651898583432,0.371323650398147,0.291483365635469,0.211648664709136,0.371318066561802,0.291481935385882,0.211647894760912,0.371315976010852,0.291478737656073,0.211644656527661,0.371312818784486,0.291476602268323,0.211644268781896,0.37130893575475,0.291474254783122,0.211642144931169,0.371306364635075,0.291471773518725,0.211639865087583,0.371303681949866,0.291469296371228,0.211638034905902,0.371300557836554,0.291466814641245,0.211635669322746,0.371297959959744,0.29146590260837,0.211634978869023,0.371296826347717,0.291464127133603,0.211633526148332,0.371294728118873,0.291462914421828,0.211632641636967,0.37129318720669,0.291460375625239,0.211629862046529,0.371290889203948,0.291459798175566,0.211630210709321,0.371289385641811,0.291458132862567,0.21162825802401,0.371288007701123,0.29145629093578,0.211627276171162,0.371285305700397,0.291456420070599,0.211627228461379,0.371285611679819,0.291454251249766,0.211625072488786,0.371283430010747,0.291453925564484,0.211625978217279,0.371281872911689,0.291451746253038,0.211622962137989,0.371280530368088
"23",0.350970023705358,0.26704633950187,0.434893707908847,0.350559708321045,0.266748447096662,0.434370969545427,0.350392390589978,0.266625945328917,0.434158835851039,0.350303484778642,0.26656161446147,0.434045355095814,0.350248493656467,0.2665214373876,0.433975549925333,0.350210839851698,0.266494366504097,0.433927313199299,0.35018324671192,0.266474176882293,0.433892316541547,0.350163029895567,0.266458577405737,0.433867482385396,0.350148096263076,0.266448556371606,0.433847636154546,0.350135330132074,0.266439272308149,0.433831387955998,0.350124177370738,0.266431312123731,0.433817042617745,0.350116850905651,0.266425358376784,0.433808343434518,0.350108883398064,0.266419340225524,0.433798426570604,0.350103392785889,0.266416232641176,0.433790552930603,0.350098053621262,0.266412406195751,0.433783701046773,0.350093664166954,0.266408578249076,0.433778750084832,0.350088988670922,0.266405707938834,0.43377226940301,0.350085327259565,0.266402742080675,0.433767912438455,0.350082070087432,0.266400258763967,0.433763881410896,0.350078497305366,0.266397459215825,0.433759535394907,0.350075954118648,0.266394649454682,0.433757258782614,0.350074169939025,0.266394194199539,0.433754145678511,0.350071708151029,0.266392237123606,0.433751179178451,0.350069817360092,0.266390376409015,0.43374925831117,0.350068301151008,0.266390691263322,0.433745911038694,0.350067415004252,0.266389898727317,0.433744931281188,0.350065596168932,0.266388257208467,0.433742935129397,0.350063423548958,0.266386791134609,0.433740055963306,0.350061251936923,0.266384684802877,0.433737819070969,0.350061148968893,0.266384722681167,0.433737575256619,0.350059801506118,0.266383742978484,0.433735860033752,0.35005961464416,0.266383997410501,0.433735231877819,0.350057036093054,0.266381017507261,0.433733054678847,0.350057743650914,0.266382703422452,0.433732783879376,0.350056458828621,0.266381089851986,0.433731827805256,0.350054235812646,0.266379773966867,0.433728697658425,0.350054935632458,0.266380268120743,0.433729603144173,0.350053671527058,0.266379087591418,0.433728255462698,0.350053489059263,0.266379969243559,0.433727008874967,0.350052022785796,0.266377862444635,0.433726183126958
"24",0.428201670700582,0.335130224298618,0.521273117102545,0.4276648170817,0.334708197149181,0.520621437014219,0.427434590670838,0.334524119735854,0.520345061605822,0.427308244272777,0.334423420108322,0.520193068437231,0.427227031201494,0.334357969414332,0.520096092988655,0.427170200973423,0.334312731012813,0.520027670934034,0.427125687478407,0.334276353264895,0.519975021691919,0.427094510448741,0.334250529871719,0.519938491025763,0.427070648316354,0.334231942138071,0.519909354494636,0.427052127706403,0.334217215130893,0.519887040281913,0.42703250739786,0.33420154064354,0.519863474152181,0.427020133951075,0.334190641501521,0.519849626400628,0.427006391078463,0.334179383845518,0.519833398311408,0.426996469674748,0.334172203624439,0.519820735725056,0.42698832418304,0.334165845862822,0.519810802503257,0.426980121384781,0.334158263390875,0.519801979378687,0.426972462633134,0.334152695725271,0.519792229540996,0.426965743489697,0.334147035897218,0.519784451082175,0.426960264175199,0.334142453314604,0.519778075035795,0.426954574294911,0.3341378128977,0.519771335692123,0.426951451006684,0.33413435846968,0.519768543543688,0.426949082338913,0.334133373748931,0.519764790928895,0.426942260538544,0.334127465289864,0.519757055787224,0.426940624869338,0.334125797782629,0.519755451956047,0.426938218661775,0.334125465871207,0.519750971452344,0.426934551858116,0.334122017439914,0.519747086276318,0.42693301316509,0.334120549352989,0.519745476977192,0.4269290714563,0.334117537040109,0.519740605872492,0.426924882186287,0.334113667851841,0.519736096520733,0.426923976591999,0.334112878698411,0.519735074485586,0.426921909843056,0.334111268627529,0.519732551058584,0.426921665459399,0.334111484327731,0.519731846591067,0.426916665468865,0.334106165374266,0.519727165563464,0.42691767435785,0.334108180567944,0.519727168147755,0.426916255193571,0.334106431911588,0.519726078475555,0.426910703719514,0.334102193696857,0.519719213742172,0.426913039810853,0.334104195299024,0.519721884322682,0.426912446319375,0.334103646753236,0.519721245885514,0.42690973304015,0.334102108517683,0.519717357562617,0.426909390071816,0.334101132405073,0.51971764773856
"25",0.540500212191648,0.42657347341062,0.654426950972677,0.539728294880284,0.425995827549798,0.653460762210769,0.539415817766688,0.425759412580835,0.653072222952542,0.539243992607406,0.425629465130859,0.652858520083953,0.539136063820338,0.425547208224534,0.652724919416142,0.539064600908275,0.425494282751667,0.652634919064884,0.539013565147534,0.425456015024135,0.652571115270933,0.538973189060652,0.425424850010947,0.652521528110357,0.538940532641452,0.425400399333151,0.652480665949753,0.538910592519363,0.425376915421987,0.652444269616738,0.538892478261739,0.425364747342214,0.652420209181264,0.538872996351148,0.425348165309913,0.652397827392384,0.538859621271033,0.425338757249541,0.652380485292526,0.538847217028193,0.425330259434955,0.652364174621431,0.538835079776641,0.425321201336985,0.652348958216296,0.538824163868241,0.425311443104139,0.652336884632343,0.538812159241123,0.425302843755382,0.652321474726864,0.538807985793031,0.425300312696888,0.652315658889173,0.538801204305016,0.425294990643116,0.652307417966916,0.538795342064519,0.42529086104822,0.652299823080817,0.538787031459873,0.42528268951141,0.652291373408336,0.538778336840568,0.425276114588877,0.652280559092259,0.538778729184925,0.425277652234319,0.65227980613553,0.538771938757629,0.425271346497243,0.652272531018016,0.53877009897118,0.42527188898029,0.65226830896207,0.538765874197442,0.425268316832575,0.652263431562308,0.538759197295804,0.425262305352307,0.652256089239301,0.538756554209496,0.425260812291801,0.65225229612719,0.538754233153893,0.425259149666266,0.65224931664152,0.538752672808167,0.42525764366295,0.652247701953385,0.538749423849204,0.4252552157524,0.652243631946008,0.538747041563914,0.425253505383159,0.652240577744669,0.538743413875725,0.425249674177885,0.652237153573566,0.538741452733374,0.425249158496059,0.652233746970689,0.538739058735834,0.425246512299366,0.652231605172303,0.538737126993687,0.425246051870603,0.652228202116771,0.538737922834386,0.425246686210876,0.652229159457897,0.538734098863564,0.425243450456822,0.652224747270306,0.538731618285203,0.425242165322402,0.652221071248003,0.538728896532812,0.425238950822274,0.652218842243349
"26",0.387564299292446,0.295850403787151,0.479278194797742,0.387012198340892,0.295415255322036,0.478609141359748,0.386770991975897,0.295223377977246,0.478318605974547,0.386635630011039,0.29511651165606,0.478154748366018,0.38654638594774,0.295045451456469,0.478047320439011,0.386484626770604,0.294997022371156,0.477972231170052,0.386435857925213,0.294957935039877,0.477913780810549,0.386400833502416,0.294929985855532,0.4778716811493,0.38637370554716,0.294909048132242,0.477838362962078,0.386351574486429,0.294891720687097,0.477811428285761,0.38632991269715,0.294874934695508,0.477784890698791,0.386314222223465,0.294861675460256,0.477766768986673,0.386299152791631,0.294849637839348,0.477748667743915,0.386286313491059,0.294840006465066,0.477732620517052,0.386278179413035,0.29483434781291,0.477722011013161,0.386267015593525,0.294824248320781,0.477709782866269,0.386259961002891,0.294819736854124,0.477700185151657,0.386251035731682,0.294812345048946,0.477689726414417,0.386245051937498,0.294807590459435,0.477682513415561,0.386237556093948,0.294801478241151,0.477673633946745,0.386234083879052,0.294798241858986,0.477669925899118,0.386230096782318,0.294795787643236,0.4776644059214,0.386222892423005,0.294789785722782,0.477655999123227,0.386220649175209,0.294787990656162,0.477653307694256,0.386217047283599,0.294786102287246,0.477647992279951,0.386213092001144,0.294782886359085,0.477643297643202,0.386210769418129,0.294781035891028,0.47764050294523,0.386207269816326,0.294778508086322,0.477636031546331,0.38620256165975,0.294774508784859,0.47763061453464,0.386199554716777,0.29477145940697,0.477627650026583,0.386198102982801,0.294770782908729,0.477625423056874,0.386196087340566,0.294769265967407,0.477622908713726,0.386191703505904,0.294764889727372,0.477618517284437,0.386190728000619,0.29476501600783,0.477616439993409,0.386190483160713,0.294764666571481,0.477616299749945,0.386184638224046,0.294759986954008,0.477609289494083,0.386186575086269,0.294761892571705,0.477611257600833,0.386187200860263,0.294762874945161,0.477611526775366,0.3861818737121,0.294758470274321,0.47760527714988,0.386182042159362,0.294758351944368,0.477605732374357
"27",0.261228211183778,0.179253818989772,0.343202603377784,0.260751634805328,0.178873326611387,0.342629942999269,0.260550352785105,0.178714455934883,0.342386249635327,0.260437804160734,0.178626955464333,0.342248652857134,0.260365380023304,0.178570805359089,0.342159954687519,0.260315344269243,0.17853259819162,0.342098090346866,0.260277984737496,0.178504174035058,0.342051795439933,0.260249316048673,0.178482055360069,0.342016576737277,0.260226617939633,0.178464999022149,0.341988236857117,0.26020649238515,0.178449325637194,0.341963659133106,0.260191212225277,0.178438467704045,0.341943956746508,0.260178562598688,0.17842830120732,0.341928823990057,0.26016744348423,0.178419920937188,0.341914966031272,0.260157921144971,0.178413339367565,0.341902502922378,0.260149709353741,0.178407408490376,0.341892010217107,0.260141619987331,0.178400473984349,0.341882765990313,0.260135109065479,0.178396208730836,0.341874009400122,0.260129399369175,0.17839197846748,0.34186682027087,0.260124166020482,0.178387856334663,0.341860475706301,0.260118561966349,0.178383612000783,0.341853511931915,0.260113895581785,0.178379348410836,0.341848442752735,0.260109494814377,0.17837633731816,0.341842652310594,0.260106633765268,0.178374570407083,0.341838697123454,0.260102566607778,0.178371071319641,0.341834061895915,0.260099834250436,0.178369611865681,0.341830056635192,0.26009797114335,0.178368532912697,0.341827409374003,0.260093851087082,0.178365011148572,0.341822691025593,0.260091892862866,0.178363935014973,0.341819850710758,0.260089629021636,0.178362350651552,0.34181690739172,0.260087130646334,0.178359781465486,0.341814479827183,0.260085398500397,0.178358835114866,0.341811961885928,0.26008307956314,0.178356934922855,0.341809224203425,0.26008096212016,0.178354956338838,0.341806967901481,0.260079208854281,0.178354146169085,0.341804271539478,0.260078383019181,0.178353292097646,0.341803473940715,0.26007637308381,0.178352198107686,0.341800548059935,0.260075821460992,0.178351784935441,0.341799857986543,0.260073876767686,0.178350173340714,0.341797580194658,0.260072128302922,0.178349234140122,0.341795022465723,0.260070231415373,0.178347181525708,0.341793281305039
"28",0.374244711002477,0.290673074962635,0.457816347042319,0.373734892619049,0.290262789592261,0.457206995645836,0.373499082539589,0.290072339992815,0.456925825086363,0.373360452188074,0.28996087230634,0.456760032069808,0.373268308391311,0.289886714203241,0.456649902579381,0.373202773168495,0.289833931473061,0.456571614863929,0.373153287523485,0.289794369046646,0.456512206000323,0.373114496421152,0.289762962683997,0.456466030158308,0.373083593799383,0.289738299045128,0.456428888553638,0.373056404185975,0.289716463877419,0.45639634449453,0.37303531111061,0.289699946159028,0.456370676062191,0.373017742187297,0.289685687608936,0.456349796765658,0.373001713096116,0.28967262091742,0.456330805274812,0.372988346919043,0.289662357248803,0.456314336589284,0.372976538494654,0.289653041285167,0.456300035704141,0.372965141447203,0.289643386569685,0.456286896324722,0.372956813652675,0.289637304916499,0.456276322388852,0.372948032022214,0.289630119573287,0.456265944471141,0.372940541804176,0.289624050904345,0.456257032704007,0.372932373169068,0.289617410474022,0.456247335864113,0.372925062195511,0.289610874436324,0.456239249954699,0.372919623435372,0.289606992374348,0.456232254496395,0.372914921307392,0.289603319853392,0.456226522761391,0.372909752113146,0.289599067280981,0.456220436945311,0.372904296203352,0.289594822106121,0.456213770300583,0.37290203440064,0.289593371578869,0.45621069722241,0.372896859756558,0.28958910531632,0.456204614196795,0.372893698147111,0.289586836001785,0.456200560292438,0.372891107002005,0.289584924524916,0.456197289479093,0.372886286998524,0.289580269596852,0.456192304400196,0.372884052486544,0.289578857451255,0.456189247521832,0.372880541581991,0.289575955143798,0.456185128020184,0.372877564639232,0.289573229739614,0.45618189953885,0.372875418180182,0.289572109692517,0.456178726667847,0.372873106773396,0.289569855240321,0.45617635830647,0.372870933287613,0.289568443214836,0.45617342336039,0.372869739532502,0.289567437828726,0.456172041236278,0.372867820951897,0.289566056214604,0.456169585689189,0.372864797380377,0.289563747943224,0.45616584681753,0.372862771348809,0.289561746129106,0.456163796568512
"29",0.286339130759426,0.213461017684472,0.35921724383438,0.286016160193348,0.213236405132398,0.358795915254298,0.285856706963306,0.213122893958298,0.358590519968315,0.285760491939041,0.213054082635588,0.358466901242494,0.285695389637769,0.213007144812542,0.358383634462996,0.285647518609502,0.212972054625365,0.358322982593639,0.28561162748939,0.212946032211241,0.35827722276754,0.285583314246315,0.212925055949329,0.358241572543302,0.285561059872568,0.212908977620385,0.358213142124751,0.285542922691497,0.212896048785536,0.358189796597459,0.285526227931448,0.212883801187258,0.358168654675639,0.285513729150987,0.212874735115206,0.358152723186767,0.285500917753431,0.212864821694019,0.358137013812842,0.28549114251283,0.212858034754001,0.358124250271659,0.285482239221116,0.212851485374954,0.358112993067277,0.285474402266099,0.212845492655283,0.358103311876915,0.285467539746369,0.212840574870795,0.358094504621942,0.285460660351399,0.212835327699894,0.358085993002905,0.285455163392681,0.212831279478595,0.358079047306767,0.285449344388621,0.212826851248573,0.358071837528668,0.285444822605505,0.212823162859666,0.358066482351343,0.285441143198594,0.21282093122599,0.358061355171198,0.285436289962192,0.21281703835706,0.358055541567324,0.285433769917437,0.212815370692719,0.358052169142155,0.285429961979541,0.212812631189766,0.358047292769315,0.28542685414212,0.212810437442743,0.358043270841497,0.285424557436246,0.212808840517737,0.358040274354756,0.285421775107949,0.212806981289925,0.358036568925974,0.28541852057556,0.212804414996678,0.358032626154443,0.285415740920633,0.212801863384092,0.358029618457174,0.285413691492564,0.212800567630072,0.358026815355057,0.285412028907631,0.212799470133843,0.358024587681419,0.285408826099424,0.212796601213029,0.358021050985818,0.285408096818171,0.212796727201797,0.358019466434546,0.285406456634225,0.212795198704211,0.358017714564239,0.285403064604163,0.212792570192783,0.358013559015543,0.28540335131403,0.212792961526758,0.358013741101301,0.285402960688051,0.212792944687016,0.358012976689086,0.285399841890482,0.212790517704152,0.358009166076812,0.28539916811636,0.212789921902915,0.358008414329806
"30",0.251601899580598,0.179507852205538,0.323695946955658,0.250920652279892,0.178957363770643,0.322883940789141,0.250612344593221,0.178709637880165,0.322515051306278,0.250435115689337,0.178568185210018,0.322302046168655,0.25031883028937,0.178475492505573,0.322162168073168,0.250238560066131,0.17841161503518,0.322065505097083,0.25017614759356,0.178361869469783,0.321990425717337,0.250128968138495,0.178324189442763,0.321933746834226,0.250091047027498,0.178294237634109,0.321887856420887,0.250057405668881,0.178267471463889,0.321847339873873,0.250032704706846,0.178248169174685,0.321817240239007,0.250011883195061,0.178231833004462,0.32179193338566,0.249994032312327,0.178217673820386,0.321770390804268,0.249978363535177,0.178205614993453,0.321751112076901,0.249964160986809,0.178194415417535,0.321733906556084,0.249950766062021,0.178183533970414,0.321717998153627,0.249940301655194,0.178175410808226,0.321705192502163,0.249930944059029,0.178168026713521,0.321693861404537,0.249921770380342,0.178160776642347,0.321682764118337,0.24991256008185,0.178153375975257,0.321671744188443,0.249905027046045,0.178147208607472,0.321662845484617,0.249897873939409,0.178141813381016,0.321653934497801,0.249892823406036,0.178137749007248,0.321647897804824,0.249885406090999,0.178131623203337,0.32163918897866,0.249879623736678,0.178127273674323,0.321631973799032,0.249878231174432,0.178126653803634,0.32162980854523,0.249870710831421,0.178120335025249,0.321621086637593,0.249866970120164,0.178117729208004,0.321616211032324,0.249865003966292,0.178116288481583,0.321613719451001,0.249860986552751,0.178112803786205,0.321609169319296,0.249856843574858,0.178109570105135,0.321604117044581,0.249852833382015,0.178106419549604,0.321599247214427,0.249850436537836,0.17810437944343,0.321596493632241,0.249846931877063,0.178101904166151,0.321591959587975,0.249844452620146,0.17809972477401,0.321589180466282,0.24984390745187,0.178099668409882,0.321588146493857,0.249840411186521,0.178096660285323,0.32158416208772,0.249836983699487,0.178093849999965,0.321580117399008,0.249835120565054,0.178092630237002,0.321577610893107,0.249831640947232,0.178089564306396,0.321573717588068
"31",0.32161658687625,0.246270937323658,0.396962236428841,0.321228620123941,0.246017890811019,0.396439349436862,0.321050467347919,0.245900309653841,0.396200625041997,0.320948311382485,0.245833207374764,0.396063415390207,0.320881402136597,0.245789207711898,0.395973596561296,0.320832353514288,0.245756281270889,0.395908425757687,0.32079487715434,0.245731118089113,0.395858636219568,0.320766834605372,0.245712149084892,0.395821520125853,0.320745327352306,0.245698148815537,0.395792505889075,0.320728554129254,0.245687628100367,0.395769480158141,0.320711880418426,0.245676334050993,0.395747426785858,0.320699743413708,0.245668247751334,0.395731239076082,0.320688002291092,0.245660343762371,0.395715660819814,0.320678115393012,0.245653762668866,0.395702468117159,0.320670520525131,0.245648963070213,0.39569207798005,0.320662847578866,0.245643642753475,0.395682052404257,0.320656457483883,0.245639301068121,0.395673613899644,0.320649538794692,0.245634424056954,0.395664653532429,0.320644432176976,0.245631073891278,0.395657790462674,0.320639155455456,0.245627534594095,0.395650776316816,0.320636292754237,0.245625711278159,0.395646874230315,0.320632657343105,0.24562361993623,0.395641694749981,0.320627195595052,0.245619368947536,0.395635022242568,0.320625033100508,0.245618081578621,0.395631984622395,0.32062259062188,0.245617130782687,0.395628050461073,0.320618953125543,0.245614299338905,0.395623606912182,0.320618133251187,0.24561424312809,0.395622023374284,0.320615201250786,0.245612448004764,0.395617954496809,0.320611234648126,0.245609144416647,0.395613324879605,0.320609285985897,0.245607715938215,0.395610856033578,0.320607073711433,0.245606318006524,0.395607829416343,0.320605895427166,0.245605845494899,0.395605945359432,0.320602663276629,0.245603039190975,0.395602287362284,0.320601547992151,0.245602788181333,0.39560030780297,0.320601119601105,0.245602547007459,0.395599692194751,0.320597321541852,0.245599530001368,0.395595113082337,0.32059807457017,0.245600485437836,0.395595663702505,0.320598023074909,0.245600765912549,0.395595280237269,0.32059496884343,0.245598526385632,0.395591411301229,0.320594905851068,0.245598566382753,0.395591245319383
"32",0.280311007071805,0.197711009447492,0.362911004696119,0.279445837699224,0.19707254477576,0.361819130622687,0.279072272738289,0.196794720912605,0.361349824563972,0.278860724440097,0.196636679716558,0.361084769163636,0.278725749675925,0.19653575611833,0.360915743233521,0.278633170606028,0.196466621675513,0.360799719536542,0.278566263329667,0.196417180948367,0.360715345710966,0.278512231796387,0.196376231019961,0.360648232572813,0.278469047696031,0.196343620668337,0.360594474723725,0.278430543939476,0.196314139954986,0.360546947923966,0.278405857754957,0.196296535709325,0.360515179800589,0.278380570699326,0.196276980054638,0.360484161344013,0.278362749910677,0.196264314534056,0.360461185287299,0.278345420671595,0.196251362191672,0.360439479151518,0.278328704355643,0.196238489402176,0.360418919309111,0.278314809682203,0.196227880506868,0.360401738857537,0.278301697262021,0.196217647892215,0.360385746631827,0.278293324863994,0.196211834461679,0.36037481526631,0.278283224934833,0.19620407468683,0.360362375182837,0.278274865893701,0.196198045419508,0.360351686367894,0.278264637214271,0.196189613411846,0.360339661016696,0.278254649059046,0.196181627953006,0.360327670165087,0.278252823609768,0.196181184140173,0.360324463079363,0.278243075644997,0.196172953411803,0.360313197878192,0.278238616146437,0.196170194832647,0.360307037460227,0.278234859586696,0.196167496483194,0.360302222690198,0.278226888712735,0.196160866257715,0.360292911167755,0.278223022090992,0.196158266127866,0.360287778054118,0.278221151757833,0.196157175541907,0.36028512797376,0.278217201623083,0.196154027079937,0.360280376166228,0.278212433739968,0.196150322241544,0.360274545238391,0.278207885253042,0.196146752190671,0.360269018315412,0.278206217284085,0.196145535806533,0.360266898761638,0.278201329591161,0.196141832055203,0.36026082712712,0.278198008274421,0.196138961686103,0.360257054862738,0.278199270049367,0.196140636876718,0.360257903222017,0.278195025251344,0.196137122078225,0.360252928424463,0.278189369498019,0.196132118736152,0.360246620259886,0.278189314200371,0.196132914061053,0.36024571433969,0.278184634642838,0.196128604919744,0.360240664365932
"33",0.18709225160583,0.11706303423389,0.25712146897777,0.186617791882426,0.11666377144121,0.256571812323642,0.186413928582488,0.116493674774125,0.256334182390852,0.186298561789353,0.116398105388697,0.256199018190009,0.186224222051438,0.116336752998595,0.256111691104281,0.186173555890412,0.116295246897488,0.256051864883336,0.186136130249475,0.11626497710245,0.256007283396499,0.186105948783369,0.116240219723375,0.255971677843362,0.186082142515725,0.116220791603194,0.255943493428257,0.186061367184942,0.116203920552295,0.255918813817589,0.186047138707817,0.116192715443635,0.255901561972,0.186032655463893,0.116180776632693,0.255884534295093,0.186022738638805,0.116173046002842,0.255872431274769,0.186012595629363,0.116164897732622,0.255860293526105,0.186003583625485,0.116157545662988,0.255849621587981,0.185995261675064,0.116150822878765,0.255839700471363,0.185988741929921,0.116145395134489,0.255832088725353,0.185983445412287,0.116141316471449,0.255825574353126,0.18597767494145,0.116136579101918,0.255818770780982,0.185972862379418,0.116132957425877,0.25581276733296,0.185967510112232,0.116128343377346,0.255806676847119,0.185962220628924,0.116123971900855,0.255800469356994,0.185960522099798,0.116122938695774,0.255798105503821,0.185955242893417,0.116118446455164,0.255792039331669,0.185952550173167,0.116116494907076,0.255788605439258,0.185950163674342,0.11611461985762,0.255785707491065,0.185946310171331,0.116111326833391,0.255781293509271,0.185943806262486,0.116109455199039,0.255778157325932,0.185942634476547,0.116108625663651,0.255776643289443,0.185940168033188,0.116106530074116,0.25577380599226,0.18593740590676,0.116104375478625,0.255770436334896,0.185934937251862,0.116102441761281,0.255767432742444,0.18593385089954,0.116101411964386,0.255766289834694,0.185931368676038,0.116099587961365,0.255763149390711,0.185929031622587,0.116097515132031,0.255760548113142,0.185929934669495,0.116098274768847,0.255761594570143,0.18592750339481,0.116096460247805,0.255758546541814,0.185924990203217,0.116094216595371,0.255755763811062,0.185924534463085,0.116094195982547,0.255754872943623,0.185922313624791,0.116092154000576,0.255752473249007
"34",0.334954306035325,0.238411609730687,0.431497002339964,0.334067875386209,0.237754311945178,0.43038143882724,0.33369462339742,0.237474987171303,0.429914259623537,0.333486182221864,0.237318343394666,0.429654021049062,0.333351778665171,0.237217096878956,0.429486460451386,0.333262692728163,0.237150240930789,0.429375144525536,0.333195212117349,0.237099656294594,0.429290767940104,0.333141363250258,0.237058947524619,0.429223778975897,0.333098914841285,0.237026720382364,0.429171109300206,0.333061064422126,0.236997743388415,0.429124385455836,0.333036166474378,0.236979355614251,0.429092977334506,0.33301026560319,0.236959523487592,0.429061007718788,0.332993565390233,0.236947333504828,0.429039797275638,0.332975172023192,0.236933252800726,0.429017091245658,0.332959456467309,0.236921228564962,0.428997684369657,0.332943856821749,0.236909353741302,0.428978359902197,0.332933581394785,0.236901455958622,0.428965706830947,0.33292402691369,0.236894445000177,0.428953608827203,0.332913386622319,0.236886169637106,0.428940603607531,0.332904752217197,0.236879894489501,0.428929609944893,0.332895123692055,0.236872174600312,0.428918072783797,0.332885539855841,0.236864618915,0.428906460796683,0.332882938278436,0.236863230122869,0.428902646434004,0.332872647888924,0.236855027879099,0.42889026789875,0.332867676212896,0.236851305184665,0.428884047241128,0.332864628407193,0.23684908693418,0.428880169880205,0.332856860258384,0.23684292391974,0.428870796597027,0.332852162792965,0.236839328855052,0.428864996730877,0.332851532590801,0.236839194203062,0.42886387097854,0.332846937093235,0.236835679885363,0.428858194301106,0.332841591260233,0.236831525785143,0.428851656735323,0.332836650766961,0.236827696610732,0.428845604923189,0.332835480021547,0.236826763078121,0.428844196964973,0.332830268892246,0.236822688305581,0.42883784947891,0.332826107772432,0.236819462964718,0.428832752580146,0.332829191538316,0.2368218250217,0.428836558054932,0.33282380605211,0.236817923361838,0.428829688742381,0.332819216737363,0.236814199569183,0.428824233905544,0.332818379827893,0.236813795797306,0.428822963858481,0.332813821273344,0.236810020172374,0.428817622374315
"35",0.305579485455148,0.206917130546865,0.404241840363431,0.305364648968439,0.206800745895319,0.40392855204156,0.305293724128609,0.206767870115397,0.403819578141822,0.305265438982884,0.206758724224013,0.403772153741755,0.305249539796409,0.206754784201847,0.40374429539097,0.305245663238349,0.206757423132104,0.403733903344594,0.30523992138076,0.20675727679371,0.40372256596781,0.305236256917372,0.20675779108771,0.403714722747035,0.305236115990276,0.206760391315666,0.403711840664886,0.305236120604643,0.206762880514347,0.403709360694939,0.305237093851011,0.206765303733767,0.403708883968256,0.305235636640455,0.206765718651158,0.403705554629753,0.305238617910566,0.20676923113168,0.403708004689452,0.305237508328429,0.206769340907159,0.4037056757497,0.305239628704067,0.206772115092812,0.403707142315323,0.305236978942529,0.206771075897078,0.40370288198798,0.305242650955442,0.206776001752234,0.403709300158651,0.305241714347525,0.206775937850959,0.403707490844091,0.305241432102585,0.206776409258272,0.403706454946898,0.305241922186924,0.206777400692911,0.403706443680937,0.305243917963191,0.206779376322057,0.403708459604325,0.305244535547278,0.206780603621231,0.403708467473325,0.305244663715806,0.206780866879275,0.403708460552338,0.3052431677591,0.206780512578564,0.403705822939636,0.305244382026638,0.206781750407349,0.403707013645927,0.305245526134441,0.206782738149041,0.40370831411984,0.305246987132273,0.206784482450642,0.403709491813905,0.305246158561455,0.20678395711495,0.40370836000796,0.305248204001306,0.206785673477848,0.403710734524764,0.305247508168606,0.206785392005766,0.403709624331446,0.305246358097314,0.20678487994047,0.403707836254158,0.305246047884382,0.206785034516238,0.403707061252527,0.305248114917934,0.206786406855913,0.403709822979956,0.305247582607748,0.206786499512171,0.403708665703326,0.305246561235865,0.206785984218875,0.403707138252855,0.305250989635659,0.206788971210627,0.403713008060691,0.305249512108152,0.206788398392391,0.403710625823913,0.305251569741964,0.206790528241617,0.403712611242312,0.305250618164665,0.206789651945552,0.403711584383778,0.305251451999048,0.206790582969252,0.403712321028844
"36",0.244796887231359,0.146449001298853,0.343144773163865,0.244307078114105,0.146063983239474,0.342550172988737,0.244095270403358,0.145895324567768,0.342295216238947,0.24397829522895,0.145801045198349,0.342155545259552,0.243900526198647,0.14573834227071,0.342062710126585,0.243852974577387,0.145698783756819,0.342007165397956,0.243810711021908,0.145664279344101,0.341957142699715,0.243780016328368,0.145639431446402,0.341920601210333,0.243755540512794,0.145619192613612,0.341891888411975,0.243731556594224,0.145599609900641,0.341863503287808,0.243718227617241,0.145588078508024,0.341848376726457,0.243702742953981,0.145575697375281,0.341829788532681,0.243695584295518,0.145569061869302,0.341822106721734,0.243683834270789,0.145559385895469,0.341808282646109,0.243676040535616,0.145552801834594,0.341799279236638,0.243664190224291,0.145543708962772,0.34178467148581,0.243662590701452,0.14554120756783,0.341783973835074,0.243656242893168,0.145536076062276,0.34177640972406,0.243649125290552,0.145530400232504,0.3417678503486,0.243643418960793,0.145525630281378,0.341761207640208,0.243638618304179,0.145521586292921,0.341755650315436,0.243633309958947,0.145517260037168,0.341749359880725,0.24363175081813,0.145515627501052,0.341747874135208,0.243623390109193,0.145509601571519,0.341737178646867,0.243619446011326,0.145505914135756,0.341732977886896,0.243621143362783,0.145506931529669,0.341735355195898,0.243614550290929,0.145501686792854,0.341727413789005,0.243612226967247,0.145499699032206,0.341724754902288,0.243614404776476,0.145500906190036,0.341727903362916,0.243610743188741,0.145498215385992,0.341723270991489,0.243606685126788,0.145495163748108,0.341718206505469,0.243602010073607,0.145491584361524,0.341712435785691,0.243603403625903,0.145492086036994,0.341714721214812,0.243599438279915,0.145489015390038,0.341709861169792,0.243595932405177,0.145486596634779,0.341705268175574,0.243602144383064,0.145490107379371,0.341714181386757,0.243595408894819,0.145485501315663,0.341705316473975,0.243592837228421,0.145483377291343,0.341702297165498,0.243593123643261,0.145483321604954,0.341702925681569,0.243589034979226,0.145480325066854,0.341697744891597
"37",0.201714786493099,0.0855193429577683,0.31791023002843,0.200891879928044,0.084855417072915,0.316928342783172,0.20055352471984,0.0845860446626907,0.31652100477699,0.200378800883326,0.0844462249272352,0.316311376839416,0.200255710865514,0.0843499604131595,0.316161461317869,0.200204081497156,0.084305707960448,0.316102455033864,0.200132667629233,0.0842502523827565,0.31601508287571,0.200082646881465,0.084212302707013,0.315952991055916,0.20005025442195,0.084186219897724,0.315914288946175,0.200012480568691,0.0841574372986427,0.315867523838739,0.199997510162687,0.0841441608452749,0.315850859480099,0.199973873717453,0.0841269932567701,0.315820754178137,0.19997221356345,0.0841235153912411,0.31582091173566,0.199952525523123,0.0841084073690331,0.315796643677213,0.199944696646075,0.0841016928837424,0.315787700408408,0.199917030019182,0.0840827095312948,0.31575135050707,0.19993345978383,0.0840919054581207,0.315775014109539,0.1999207648985,0.0840825503565668,0.315758979440432,0.19990834505813,0.0840735436209055,0.315743146495356,0.199897198514034,0.0840651121172933,0.315729284910774,0.199894402869817,0.0840631479168791,0.315725657822754,0.19988780233811,0.0840578113088018,0.315717793367418,0.199886360416752,0.0840560439880394,0.315716676845464,0.199864517146152,0.0840416639699435,0.31568737032236,0.199858632485744,0.084035797616312,0.315681467355175,0.199872970608337,0.0840455047375872,0.315700436479087,0.199858334639536,0.0840351845246935,0.315681484754379,0.199851628768985,0.0840299387364688,0.315673318801501,0.199865488638081,0.0840389845703085,0.315691992705853,0.199856244821204,0.0840329816945173,0.31567950794789,0.19984300664512,0.0840236599174475,0.315662353372792,0.199832145381587,0.0840160976299317,0.315648193133241,0.199849000264459,0.0840275519048383,0.315670448624079,0.199833995999036,0.0840165064752308,0.315651485522842,0.199826144928844,0.0840117334366891,0.315640556420999,0.199859374172346,0.0840325149974522,0.315686233347239,0.199836131705768,0.0840175915576692,0.315654671853868,0.199833851513079,0.084015951180534,0.315651751845625,0.199830567569897,0.084012643846374,0.315648491293419,0.199826207811894,0.0840105260196383,0.31564188960415
"38",0.33752356157188,0.111563829019337,0.563483294124423,0.33635536842231,0.110756756527206,0.561953980317415,0.33589645903801,0.110445599901233,0.561347318174786,0.335676679742067,0.110294921879348,0.561058437604787,0.335513288640485,0.110188015963278,0.560838561317692,0.335460427693214,0.110146124954977,0.560774730431451,0.335364792202009,0.110083632021635,0.560645952382384,0.335289150271779,0.110037670692952,0.560540629850605,0.33525000147408,0.110011038510271,0.56048896443789,0.335216850476191,0.109990291388486,0.560443409563897,0.335209414418509,0.109980839492794,0.560437989344223,0.335158601428013,0.109952883603386,0.560364319252641,0.335173127366343,0.109956998728099,0.560389256004587,0.335139307222364,0.109935868966043,0.560342745478685,0.335135219336642,0.109931652071978,0.560338786601306,0.335078451159984,0.109900942887771,0.560255959432198,0.335135583787884,0.109930231183351,0.560340936392418,0.335110889246187,0.109915443882092,0.560306334610282,0.335083270742693,0.109899247892118,0.560267293593267,0.335082664886399,0.109898506865226,0.560266822907572,0.335087685739492,0.109903417186864,0.56027195429212,0.335080422957923,0.109897826763667,0.560263019152179,0.335076783515588,0.10989387511322,0.560259691917956,0.335025883304544,0.1098673970954,0.560184369513688,0.335024289409122,0.109862110890664,0.56018646792758,0.335039785505063,0.109870741544166,0.560208829465959,0.335041037043506,0.109872863396875,0.560209210690137,0.335029205920381,0.109864675968574,0.560193735872187,0.335053608545084,0.109877211579814,0.560230005510353,0.335030864153769,0.109865485001319,0.560196243306219,0.335006795611741,0.109851607729931,0.56016198349355,0.334988778744714,0.109841793945411,0.560135763544017,0.33502314240205,0.109861580592226,0.560184704211873,0.335000974468785,0.109847802985321,0.560154145952249,0.334971500302246,0.109832337196742,0.560110663407751,0.33504591034971,0.109868429089038,0.560223391610382,0.33499626525138,0.109844563952698,0.560147966550062,0.335010767096,0.109853823533744,0.560167710658256,0.33500624170233,0.109848139166496,0.560164344238165,0.335007477606021,0.109852308242492,0.56016264696955
"39",0.22908253161329,-0.010125067416846,0.468290130643426,0.227348623171544,-0.0112019078513749,0.465899154194463,0.226661494898368,-0.0116122527085317,0.464935242505268,0.226334862996104,-0.0118234009547327,0.464493126946941,0.226111687476602,-0.0119541042504473,0.464177479203651,0.225934972216477,-0.0120519931561479,0.463921937589102,0.225824158868477,-0.0121202720092581,0.463768589746213,0.22573290241569,-0.0121643467310185,0.463630151562398,0.22563237648414,-0.0122118824134569,0.463476635381737,0.225617610417148,-0.0122338193652909,0.463469040199587,0.225603646340591,-0.0122596673622988,0.463466960043482,0.225500448719143,-0.0122855371931025,0.463286434631388,0.225506290991805,-0.0123018509903362,0.463314432973946,0.225454284844335,-0.0123229868935851,0.463231556582255,0.225418102530897,-0.0123399970859972,0.463176202147791,0.225376499352131,-0.0123489598252299,0.463101958529491,0.225420483472274,-0.0123536664685676,0.463194633413117,0.225389545640029,-0.0123655796817739,0.463144670961832,0.225344916830681,-0.0123780489009116,0.463067882562274,0.225376682061794,-0.0123777513330288,0.463131115456617,0.22536462446097,-0.0123791144115339,0.463108363333474,0.225355735744742,-0.0123868806451772,0.463098352134662,0.22534231116104,-0.0123956625628016,0.463080284884882,0.225300810869902,-0.0124003042941543,0.463001926033958,0.225293180173434,-0.0124140494263458,0.463000409773215,0.225253113331689,-0.0124229800428136,0.462929206706192,0.225294078446034,-0.0124158901514896,0.463004047043557,0.225302896600977,-0.0124192193656955,0.46302501256765,0.225292705029408,-0.0124245965049908,0.463010006563806,0.225273527880852,-0.0124273070942386,0.462974362855943,0.225272148391478,-0.0124293168649852,0.462973613647941,0.22523896625871,-0.0124359746810643,0.462913907198483,0.225240799573798,-0.0124362649897669,0.462917864137364,0.225263444456056,-0.0124366071901383,0.462963496102251,0.225212308410472,-0.0124435466899034,0.462868163510848,0.225201446395593,-0.0124573805551846,0.462860273346371,0.225163136667321,-0.012457971552417,0.46278424488706,0.225203461926314,-0.012450126164771,0.462857050017399,0.225250686763591,-0.012449819646147,0.462951193173328,0.225234791023645,-0.0124465846201454,0.462916166667436
