file	seconds
test-api-deprecated-args.R	1
test-api-refit-control.R	0
test-bias-adjust.R	2
test-build-switch-coerce.R	0
test-catchability-mirrored-columns.R	3
test-catchability-mirroring.R	2
test-catchability-qar1-deprecation.R	1
test-composition-accumulation.R	23
test-composition-age-hat-width.R	4
test-composition-dm-diet-weight.R	22
test-config-model-config.R	18
test-convergence.R	0
test-data-blocks-optional.R	1
test-data-build-data.R	12
test-data-check-caal-dimension.R	0
test-data-check-comp-sex.R	1
test-data-check-diet-age-bounds.R	1
test-data-check-diet-coverage.R	2
test-data-check-stomach-id.R	1
test-data-combine-and-read.R	0
test-data-functions.R	11
test-data-index-cov-validation.R	1
test-data-input-validation.R	0
test-data-optional-fields.R	2
test-data-read-robustness.R	2
test-data-required-inputs.R	1
test-data-requirement-table.R	1
test-data-workbook-roundtrip.R	3
test-data-write-template.R	1
test-deprecated-est-m1.R	0
test-dynamics-brps.R	64
test-dynamics-fit-sanity-model.R	11
test-dynamics-initial.R	3
test-dynamics-linkage-auto-map.R	8
test-dynamics-multi-spp-model.R	33
test-dynamics-recruitment-linkage.R	46
test-dynamics-recruitment-minage.R	3
test-dynamics-recruitment.R	20
test-dynamics-refpoint-mean-rec.R	1
test-dynamics-sex-index-bounds.R	1
test-dynamics-spr.R	14
test-fit-comp-weight-column-warning.R	5
test-fit-config-overlay.R	492
test-fit-verbose-estimability.R	10
test-fitmod-quiet-data-check.R	1
test-fleet-control-deprecated-sd-columns.R	1
test-fleet-control-renames-backcompat.R	3
test-functions-as-data-frame.R	0
test-functions-mse.R	287
test-functions-optional-data.R	34
test-functions-profile-param.R	127
test-functions-refit-like-fit-control.R	11
test-functions-refit-like-linkages.R	11
test-functions-retrospective.R	76
test-functions-reweight.R	94
test-functions-sim-mod-bias-adjust.R	4
test-functions-sim-mod-catch.R	8
test-functions-sim-mod-comp.R	456
test-functions-sim-mod-diet-dispersion.R	634
test-functions-sim-mod-diet-roundtrip-dm.R	704
test-functions-sim-mod-diet-roundtrip-mn.R	678
test-functions-sim-mod-diet-weights.R	495
test-functions-sim-mod-diet.R	8
test-functions-sim-mod-invariants.R	2
test-functions-sim-mod-process.R	3
test-functions-sim-mod.R	13
test-functions-simulate-method.R	1
test-golden-regression.R	0
test-growth-linkage-species.R	24
test-growth-matrix-row-sums.R	1
test-growth-minage0.R	1
test-growth-plus-group-sd-continuity.R	1
test-growth-plus-group-within-year.R	1
test-growth-re-deprecation.R	1
test-growth-richards-minage0-invariant.R	0
test-growth-sd-plus-group.R	11
test-growth-sizesel.R	12
test-growth-subannual.R	10
test-growth-vonbert-year-invariance.R	0
test-index-column-requirements.R	2
test-index-natural-scale-downstream.R	5
test-index-on-a-fishery.R	2
test-index-timing.R	3
test-initmode-offset-equilibrium.R	6
test-likelihood-caal-afsc.R	1
test-likelihood-catch-analytical-sd.R	8
test-likelihood-composition.R	6
test-likelihood-diet.R	7
test-likelihood-expected-composition.R	2
test-likelihood-index-calculations.R	1
test-likelihood-index-covariance.R	2
test-likelihood-index-truncated-normal.R	5
test-likelihood-osa-index-families.R	8
test-likelihood-osa-residuals.R	198
test-linkage-build-growth.R	0
test-linkage-build-M1.R	0
test-linkage-build-srr.R	0
test-linkage-catchability.R	28
test-linkage-composition.R	6
test-linkage-default-by.R	0
test-linkage-encode.R	0
test-linkage-formula-functions.R	0
test-linkage-formula-parse.R	0
test-linkage-intercept-alias.R	5
test-linkage-intercept-base-param.R	8
test-linkage-intercept-prior-base-parameter.R	9
test-linkage-legacy-deprecation.R	1
test-linkage-penalized.R	8
test-linkage-per-sex-formulas.R	0
test-linkage-per-species-formulas.R	0
test-linkage-pool.R	0
test-linkage-priors-and-bounds.R	13
test-linkage-priors.R	0
test-linkage-qar1-reporting.R	5
test-linkage-random-effects.R	153
test-linkage-reserved-link.R	0
test-linkage-reserved-process.R	0
test-linkage-selectivity-priors.R	2
test-linkage-selectivity.R	22
test-linkage-spec-names.R	3
test-linkage-table.R	0
test-mortality-2dar1-orientation.R	0
test-mortality-linkage.R	11
test-mortality-M-linkage.R	5
test-mortality-m1-input-output.R	2
test-mortality-M1re-separable.R	1
test-mortality-simulated-TVM.R	4
test-mse-cap-and-hcr2-threshold.R	0
test-parameter-dictionary.R	0
test-parameter-recovery.R	0
test-params-init-dev-padding.R	0
test-plot-accuracy.R	10
test-plot-confidence-intervals.R	11
test-plot-helpers.R	1
test-plot-predation-args.R	10
test-plot-selectivity.R	8
test-plot-smoke.R	42
test-plot-timeseries-wrappers.R	45
test-predation-suit-years-per-predator.R	10
test-rearrange-pull-helpers.R	0
test-recruitment-ianelli-steepness.R	3
test-recruitment-srr-inits.R	3
test-save-load-config.R	0
test-schema-canonical.R	0
test-schema-cpp-dispatch.R	0
test-schema-registries.R	1
test-selectivity-2dar1-orientation.R	4
test-selectivity-age-first-selected.R	13
test-selectivity-catchability.R	11
test-selectivity-descending-logistic.R	20
test-selectivity-double-logistic.R	25
test-selectivity-double-normal.R	18
test-selectivity-hake-tv-warning.R	1
test-selectivity-logistic.R	24
test-selectivity-logisticpm.R	14
test-selectivity-mirrored-columns.R	1
test-selectivity-mirrored-start-year.R	3
test-selectivity-nonparametric.R	28
test-selectivity-nonparametricpm.R	18
test-selectivity-norm-scope.R	14
test-selectivity-normalization.R	45
test-selectivity-penalty-sd.R	33
test-selectivity-random-sel-block.R	2
test-selectivity-shared-sigma.R	4
test-switch-string-aliases.R	1
test-switches-comp-weights-scale.R	0
test-switches-schema-defaults.R	1
test-switches-unvalidated-columns.R	1
test-switches-varying-q-parse.R	0
test-tmb-makeadfun_smoke.R	0
test-vignette-api.R	1
