Record Count,Loaded to Repository,Survey,Year,Species Code,Common Name,Scientific Name,Sex,Age (years),Age Pop,Mean Length (mm),Std Deviation Length
1,2018-09-24 11:58:41,GOA,1984,10110,arrowtooth flounder,Atheresthes stomias,Female,-9,8402748,232.792319845841,142.370078067672
1,2018-09-24 11:58:41,GOA,1984,10110,arrowtooth flounder,Atheresthes stomias,Female,1,108632,140,0
1,2018-09-24 11:58:41,GOA,1984,10110,arrowtooth flounder,Atheresthes stomias,Female,3,49298586.6590909,251.598576687575,17.9359555241447
1,2018-09-24 11:58:41,GOA,1984,10110,arrowtooth flounder,Atheresthes stomias,Female,4,80229711.9776612,315.007036640648,19.3441528370065
1,2018-09-24 11:58:41,GOA,1984,10110,arrowtooth flounder,Atheresthes stomias,Female,5,141640319.416673,380.066994187722,20.4972701628473
1,2018-09-24 11:58:41,GOA,1984,10110,arrowtooth flounder,Atheresthes stomias,Female,6,216036693.605666,423.399171349893,18.4382028616666
1,2018-09-24 11:58:41,GOA,1984,10110,arrowtooth flounder,Atheresthes stomias,Female,7,116722711.903409,465.742285902045,14.7679734939939
1,2018-09-24 11:58:41,GOA,1984,10110,arrowtooth flounder,Atheresthes stomias,Female,8,73933328.7232143,508.219798814185,13.6541173272955
1,2018-09-24 11:58:41,GOA,1984,10110,arrowtooth flounder,Atheresthes stomias,Female,9,31356381.3482143,540.337105905873,9.35025286097923
1,2018-09-24 11:58:41,GOA,1984,10110,arrowtooth flounder,Atheresthes stomias,Female,10,22559905.2978896,566.953065421682,7.65249911943198
1,2018-09-24 11:58:41,GOA,1984,10110,arrowtooth flounder,Atheresthes stomias,Female,11,15936075.6911977,588.711484403324,9.33560210944162
1,2018-09-24 11:58:41,GOA,1984,10110,arrowtooth flounder,Atheresthes stomias,Female,12,17084442.1240981,608.400764839996,9.18200365446459
1,2018-09-24 11:58:41,GOA,1984,10110,arrowtooth flounder,Atheresthes stomias,Female,13,9578415.57442068,628.388520929629,8.44263032746222
1,2018-09-24 11:58:41,GOA,1984,10110,arrowtooth flounder,Atheresthes stomias,Female,14,11341625.3159537,639.484304886236,9.23830592735476
1,2018-09-24 11:58:41,GOA,1984,10110,arrowtooth flounder,Atheresthes stomias,Female,15,39700642.3625117,667.935109241367,33.9558387487493
1,2018-09-24 11:58:41,GOA,1984,10110,arrowtooth flounder,Atheresthes stomias,Male,-9,13044950,245.108699535069,156.280514958788
1,2018-09-24 11:58:41,GOA,1984,10110,arrowtooth flounder,Atheresthes stomias,Male,3,7648284.25,223.364998496231,7.4817614934583
1,2018-09-24 11:58:41,GOA,1984,10110,arrowtooth flounder,Atheresthes stomias,Male,4,60329457.7587645,259.842215437656,20.3601878104759
1,2018-09-24 11:58:41,GOA,1984,10110,arrowtooth flounder,Atheresthes stomias,Male,5,72535410.0259551,299.372663590227,19.7307212323316
1,2018-09-24 11:58:41,GOA,1984,10110,arrowtooth flounder,Atheresthes stomias,Male,6,55332988.2973952,336.009652170622,11.8374417426779
1,2018-09-24 11:58:41,GOA,1984,10110,arrowtooth flounder,Atheresthes stomias,Male,7,69701102.9518963,361.012801980056,11.7421125860099
1,2018-09-24 11:58:41,GOA,1984,10110,arrowtooth flounder,Atheresthes stomias,Male,8,74245414.4287783,377.931003491219,7.40714012769514
1,2018-09-24 11:58:41,GOA,1984,10110,arrowtooth flounder,Atheresthes stomias,Male,9,51412669.2356474,392.530490554902,7.28867406026586
1,2018-09-24 11:58:41,GOA,1984,10110,arrowtooth flounder,Atheresthes stomias,Male,10,37124682.6284864,401.196097396724,4.48077643889915
1,2018-09-24 11:58:41,GOA,1984,10110,arrowtooth flounder,Atheresthes stomias,Male,11,33635770.5714286,416.659879973894,6.69821892045243
1,2018-09-24 11:58:41,GOA,1984,10110,arrowtooth flounder,Atheresthes stomias,Male,12,22731440.5782418,426.337704583815,7.30515203465497
1,2018-09-24 11:58:41,GOA,1984,10110,arrowtooth flounder,Atheresthes stomias,Male,13,14341395.1991209,429.317022825044,10.6788784222258
1,2018-09-24 11:58:41,GOA,1984,10110,arrowtooth flounder,Atheresthes stomias,Male,14,12041558.2428571,442.832538686732,9.72884625753872
1,2018-09-24 11:58:41,GOA,1984,10110,arrowtooth flounder,Atheresthes stomias,Male,15,29354673.8314286,475.094258922598,36.313698843292
1,2018-09-24 11:58:41,GOA,1987,10110,arrowtooth flounder,Atheresthes stomias,Female,-9,5024972,408.874105169143,296.398000979678
1,2018-09-24 11:58:41,GOA,1987,10110,arrowtooth flounder,Atheresthes stomias,Female,2,21375970.3918546,230.42657587485,37.1457285343662
1,2018-09-24 11:58:41,GOA,1987,10110,arrowtooth flounder,Atheresthes stomias,Female,3,142547649.354835,290.153437192264,40.3282201399567
1,2018-09-24 11:58:41,GOA,1987,10110,arrowtooth flounder,Atheresthes stomias,Female,4,122116575.158179,362.715266692968,38.9937255101023
1,2018-09-24 11:58:41,GOA,1987,10110,arrowtooth flounder,Atheresthes stomias,Female,5,78575466.1933277,430.175818669487,44.816822945289
1,2018-09-24 11:58:41,GOA,1987,10110,arrowtooth flounder,Atheresthes stomias,Female,6,93204320.9784519,458.011265914349,44.2722974955161
1,2018-09-24 11:58:41,GOA,1987,10110,arrowtooth flounder,Atheresthes stomias,Female,7,67420446.411605,494.696854092845,37.5078000139162
1,2018-09-24 11:58:41,GOA,1987,10110,arrowtooth flounder,Atheresthes stomias,Female,8,73406687.0124309,517.846844114001,33.326630336093
1,2018-09-24 11:58:41,GOA,1987,10110,arrowtooth flounder,Atheresthes stomias,Female,9,43528157.3001889,538.442445931501,46.0533444652594
1,2018-09-24 11:58:41,GOA,1987,10110,arrowtooth flounder,Atheresthes stomias,Female,10,40366492.6843307,584.532134515603,61.5046129791935
1,2018-09-24 11:58:41,GOA,1987,10110,arrowtooth flounder,Atheresthes stomias,Female,11,19706632.6369256,600.887489642149,66.433971416093
1,2018-09-24 11:58:41,GOA,1987,10110,arrowtooth flounder,Atheresthes stomias,Female,12,13404937.8301435,618.031313842686,77.9574098233781
1,2018-09-24 11:58:41,GOA,1987,10110,arrowtooth flounder,Atheresthes stomias,Female,13,19576454.594697,655.343742308813,56.0517066357646
1,2018-09-24 11:58:41,GOA,1987,10110,arrowtooth flounder,Atheresthes stomias,Female,14,6660887.875,678.214055096972,59.8530278446321
1,2018-09-24 11:58:41,GOA,1987,10110,arrowtooth flounder,Atheresthes stomias,Female,15,2866125.9030303,660.853359369647,64.0435599089567
1,2018-09-24 11:58:41,GOA,1987,10110,arrowtooth flounder,Atheresthes stomias,Female,16,9091280.275,686.378748784092,59.7041505450803
1,2018-09-24 11:58:41,GOA,1987,10110,arrowtooth flounder,Atheresthes stomias,Female,17,910644.4,700,0
1,2018-09-24 11:58:41,GOA,1987,10110,arrowtooth flounder,Atheresthes stomias,Male,-9,5489980,263.008049209651,174.190872861505
1,2018-09-24 11:58:41,GOA,1987,10110,arrowtooth flounder,Atheresthes stomias,Male,2,9246671.90011614,212.504812375909,38.7532565032343
1,2018-09-24 11:58:41,GOA,1987,10110,arrowtooth flounder,Atheresthes stomias,Male,3,112923529.928355,292.494570733473,41.9564463194763
1,2018-09-24 11:58:41,GOA,1987,10110,arrowtooth flounder,Atheresthes stomias,Male,4,82597578.2096027,352.89518932342,32.9177325276079
1,2018-09-24 11:58:41,GOA,1987,10110,arrowtooth flounder,Atheresthes stomias,Male,5,44686064.393066,394.223707435751,29.8308837656804
1,2018-09-24 11:58:41,GOA,1987,10110,arrowtooth flounder,Atheresthes stomias,Male,6,29086936.9902779,421.928582402261,32.6772076631174
1,2018-09-24 11:58:41,GOA,1987,10110,arrowtooth flounder,Atheresthes stomias,Male,7,17342089.8992491,436.370098564686,27.1033786026038
1,2018-09-24 11:58:41,GOA,1987,10110,arrowtooth flounder,Atheresthes stomias,Male,8,11518813.9956622,443.539749889553,37.915210845439
1,2018-09-24 11:58:41,GOA,1987,10110,arrowtooth flounder,Atheresthes stomias,Male,9,5068713.67464816,459.319966777131,26.7456666041663
1,2018-09-24 11:58:41,GOA,1987,10110,arrowtooth flounder,Atheresthes stomias,Male,10,1223786.2,491.727063109553,62.5163549110797
1,2018-09-24 11:58:41,GOA,1987,10110,arrowtooth flounder,Atheresthes stomias,Male,11,1112756.27130326,443.649002188203,39.6387188856501
1,2018-09-24 11:58:41,GOA,1987,10110,arrowtooth flounder,Atheresthes stomias,Male,12,1183698.36403509,440.434118012084,18.0843063759981
1,2018-09-24 11:58:41,GOA,1987,10110,arrowtooth flounder,Atheresthes stomias,Male,13,2000588.67368421,494.384595346789,38.3949874884629
1,2018-09-24 11:58:41,GOA,1987,10110,arrowtooth flounder,Atheresthes stomias,Male,14,827976.5,470.725932438904,13.8641154678216
1,2018-09-24 11:58:41,GOA,1990,10110,arrowtooth flounder,Atheresthes stomias,Female,-9,17813975,533.937576537522,285.89354491969
1,2018-09-24 11:58:41,GOA,1990,10110,arrowtooth flounder,Atheresthes stomias,Female,2,60703454.7333333,226.450376985189,21.1934514945094
1,2018-09-24 11:58:41,GOA,1990,10110,arrowtooth flounder,Atheresthes stomias,Female,3,117958173.85,279.002910155966,27.9695576357129
1,2018-09-24 11:58:41,GOA,1990,10110,arrowtooth flounder,Atheresthes stomias,Female,4,139865012.916667,332.418691143307,35.4684516284576
1,2018-09-24 11:58:41,GOA,1990,10110,arrowtooth flounder,Atheresthes stomias,Female,5,245516823.533333,381.041817550364,51.510590656387
1,2018-09-24 11:58:41,GOA,1990,10110,arrowtooth flounder,Atheresthes stomias,Female,6,239120599.216667,434.604141393255,46.6693521675042
1,2018-09-24 11:58:41,GOA,1990,10110,arrowtooth flounder,Atheresthes stomias,Female,7,140725041.266667,454.300298124292,49.6626774321513
1,2018-09-24 11:58:41,GOA,1990,10110,arrowtooth flounder,Atheresthes stomias,Female,8,158249139.9,490.788267525996,35.4393164940757
1,2018-09-24 11:58:41,GOA,1990,10110,arrowtooth flounder,Atheresthes stomias,Female,9,94639797.6666667,516.567376406725,57.5318538915771
1,2018-09-24 11:58:41,GOA,1990,10110,arrowtooth flounder,Atheresthes stomias,Female,10,52141105.8333333,557.940870772032,37.4634535955485
1,2018-09-24 11:58:41,GOA,1990,10110,arrowtooth flounder,Atheresthes stomias,Female,11,81446878.4166667,582.704501194915,47.9413171813139
1,2018-09-24 11:58:41,GOA,1990,10110,arrowtooth flounder,Atheresthes stomias,Female,12,49557940.85,582.654943864561,81.8018299711539
1,2018-09-24 11:58:41,GOA,1990,10110,arrowtooth flounder,Atheresthes stomias,Female,13,27604918.5833333,585.127708838289,52.2858097033137
1,2018-09-24 11:58:41,GOA,1990,10110,arrowtooth flounder,Atheresthes stomias,Female,14,16024806.5,637.539761348548,34.0643476440287
1,2018-09-24 11:58:41,GOA,1990,10110,arrowtooth flounder,Atheresthes stomias,Female,15,18085574.9,561.782973401636,37.5917844494979
1,2018-09-24 11:58:41,GOA,1990,10110,arrowtooth flounder,Atheresthes stomias,Female,16,13842762,608.381403942363,39.9672384185132
1,2018-09-24 11:58:41,GOA,1990,10110,arrowtooth flounder,Atheresthes stomias,Female,17,20856126.8333333,746.825824107754,26.0916475466074
1,2018-09-24 11:58:41,GOA,1990,10110,arrowtooth flounder,Atheresthes stomias,Female,18,13146991.5,733.901760718412,7.74288771886453
1,2018-09-24 11:58:41,GOA,1990,10110,arrowtooth flounder,Atheresthes stomias,Female,19,4548839,630,0
1,2018-09-24 11:58:41,GOA,1990,10110,arrowtooth flounder,Atheresthes stomias,Female,21,3491893.5,700,0
1,2018-09-24 11:58:41,GOA,1990,10110,arrowtooth flounder,Atheresthes stomias,Male,-9,13287776,379.793273155718,173.745424865297
1,2018-09-24 11:58:41,GOA,1990,10110,arrowtooth flounder,Atheresthes stomias,Male,2,54069706.6,237.74979119269,27.6445752054062
1,2018-09-24 11:58:41,GOA,1990,10110,arrowtooth flounder,Atheresthes stomias,Male,3,75726717.8666667,286.049835428934,28.5733036258189
1,2018-09-24 11:58:41,GOA,1990,10110,arrowtooth flounder,Atheresthes stomias,Male,4,105012891.866667,335.763636710768,28.5521019187469
1,2018-09-24 11:58:41,GOA,1990,10110,arrowtooth flounder,Atheresthes stomias,Male,5,109777266.266667,372.126323100446,30.348389522668
1,2018-09-24 11:58:41,GOA,1990,10110,arrowtooth flounder,Atheresthes stomias,Male,6,95349365.1333333,393.75021092869,27.6695178256761
1,2018-09-24 11:58:41,GOA,1990,10110,arrowtooth flounder,Atheresthes stomias,Male,7,98178607.6,417.805082390813,22.6981982031978
1,2018-09-24 11:58:41,GOA,1990,10110,arrowtooth flounder,Atheresthes stomias,Male,8,14558085.1666667,437.313048988322,34.9234849976008
1,2018-09-24 11:58:41,GOA,1990,10110,arrowtooth flounder,Atheresthes stomias,Male,9,50334472.5,444.674957505515,12.6506655050692
1,2018-09-24 11:58:41,GOA,1990,10110,arrowtooth flounder,Atheresthes stomias,Male,10,27425257,452.960833147343,24.9166971837572
1,2018-09-24 11:58:41,GOA,1990,10110,arrowtooth flounder,Atheresthes stomias,Male,11,26750254,461.806877422547,16.6398617006652
1,2018-09-24 11:58:41,GOA,1990,10110,arrowtooth flounder,Atheresthes stomias,Male,14,1713354,510,0
1,2018-09-24 11:58:41,GOA,1993,10110,arrowtooth flounder,Atheresthes stomias,Female,-9,451469,753.333074917658,265.017841074615
1,2018-09-24 11:58:41,GOA,1993,10110,arrowtooth flounder,Atheresthes stomias,Female,1,2477457.41666667,154.267395581539,11.599342753255
1,2018-09-24 11:58:41,GOA,1993,10110,arrowtooth flounder,Atheresthes stomias,Female,2,83342940.6054113,215.1564932775,20.4597023073295
1,2018-09-24 11:58:41,GOA,1993,10110,arrowtooth flounder,Atheresthes stomias,Female,3,124361374.858081,276.051120893298,33.8207560715912
1,2018-09-24 11:58:41,GOA,1993,10110,arrowtooth flounder,Atheresthes stomias,Female,4,115607497.65469,325.475677632674,34.2685728456925
1,2018-09-24 11:58:41,GOA,1993,10110,arrowtooth flounder,Atheresthes stomias,Female,5,123077104.813703,394.206880353821,35.047168914856
1,2018-09-24 11:58:41,GOA,1993,10110,arrowtooth flounder,Atheresthes stomias,Female,6,146045529.870196,416.869392775064,39.6710451844277
1,2018-09-24 11:58:41,GOA,1993,10110,arrowtooth flounder,Atheresthes stomias,Female,7,155019494.84786,465.240539117942,44.4405120277301
1,2018-09-24 11:58:41,GOA,1993,10110,arrowtooth flounder,Atheresthes stomias,Female,8,149928104.302681,484.668880916958,45.936948296828
1,2018-09-24 11:58:41,GOA,1993,10110,arrowtooth flounder,Atheresthes stomias,Female,9,182976843.681446,524.532386506076,35.8301359926272
1,2018-09-24 11:58:41,GOA,1993,10110,arrowtooth flounder,Atheresthes stomias,Female,10,86784653.1970058,555.731995518979,46.5639168121799
1,2018-09-24 11:58:41,GOA,1993,10110,arrowtooth flounder,Atheresthes stomias,Female,11,51274578.1627817,557.798038685111,65.0861561378804
1,2018-09-24 11:58:41,GOA,1993,10110,arrowtooth flounder,Atheresthes stomias,Female,12,52633892.1388639,559.38015144198,58.7440315978083
1,2018-09-24 11:58:41,GOA,1993,10110,arrowtooth flounder,Atheresthes stomias,Female,13,30585133.4627706,615.885414987941,52.6545978879028
1,2018-09-24 11:58:41,GOA,1993,10110,arrowtooth flounder,Atheresthes stomias,Female,14,19769608.095671,597.229133692277,62.9609852294009
1,2018-09-24 11:58:41,GOA,1993,10110,arrowtooth flounder,Atheresthes stomias,Female,15,8710227.525,604.361551384005,79.5686284791675
1,2018-09-24 11:58:41,GOA,1993,10110,arrowtooth flounder,Atheresthes stomias,Female,16,4302609.80959596,671.99417214928,55.5494383902759
1,2018-09-24 11:58:41,GOA,1993,10110,arrowtooth flounder,Atheresthes stomias,Female,17,6343113.61666667,643.815610013628,82.455965866306
1,2018-09-24 11:58:41,GOA,1993,10110,arrowtooth flounder,Atheresthes stomias,Female,18,2420253.43333333,690.883545900834,72.688574912891
1,2018-09-24 11:58:41,GOA,1993,10110,arrowtooth flounder,Atheresthes stomias,Female,19,411986.75,767.446428798984,12.9593040751085
1,2018-09-24 11:58:41,GOA,1993,10110,arrowtooth flounder,Atheresthes stomias,Female,20,435787.257575758,706.160509442351,43.9508667713373
1,2018-09-24 11:58:41,GOA,1993,10110,arrowtooth flounder,Atheresthes stomias,Female,21,369057.5,811.786672808438,9.83909550088847
1,2018-09-24 11:58:41,GOA,1993,10110,arrowtooth flounder,Atheresthes stomias,Female,23,102261,790,0
1,2018-09-24 11:58:41,GOA,1993,10110,arrowtooth flounder,Atheresthes stomias,Male,-9,3410480,552.951385142267,104.33580171156
1,2018-09-24 11:58:41,GOA,1993,10110,arrowtooth flounder,Atheresthes stomias,Male,1,1533460.19047619,158.262947903937,13.6986216683497
1,2018-09-24 11:58:41,GOA,1993,10110,arrowtooth flounder,Atheresthes stomias,Male,2,54795142.4019481,213.506632191364,24.4127329388186
1,2018-09-24 11:58:41,GOA,1993,10110,arrowtooth flounder,Atheresthes stomias,Male,3,71593421.5121212,275.681386998845,34.6060441444705
1,2018-09-24 11:58:41,GOA,1993,10110,arrowtooth flounder,Atheresthes stomias,Male,4,48444677.3588745,318.938555481128,32.2542182089821
1,2018-09-24 11:58:41,GOA,1993,10110,arrowtooth flounder,Atheresthes stomias,Male,5,51571151.8145022,369.299012998305,26.1481480105919
1,2018-09-24 11:58:41,GOA,1993,10110,arrowtooth flounder,Atheresthes stomias,Male,6,127900679.071495,409.213797462511,30.6314667512185
1,2018-09-24 11:58:41,GOA,1993,10110,arrowtooth flounder,Atheresthes stomias,Male,7,61069879.1529137,421.812971350584,34.8743914289956
1,2018-09-24 11:58:41,GOA,1993,10110,arrowtooth flounder,Atheresthes stomias,Male,8,50146379.0448718,443.471555703939,25.19884939181
1,2018-09-24 11:58:41,GOA,1993,10110,arrowtooth flounder,Atheresthes stomias,Male,9,36744128.2680653,457.265036986633,24.0571382162718
1,2018-09-24 11:58:41,GOA,1993,10110,arrowtooth flounder,Atheresthes stomias,Male,10,20595672.1317016,455.471154079629,19.3897644090288
1,2018-09-24 11:58:41,GOA,1993,10110,arrowtooth flounder,Atheresthes stomias,Male,11,14720821.8863636,461.603053537922,15.7440702886383
1,2018-09-24 11:58:41,GOA,1993,10110,arrowtooth flounder,Atheresthes stomias,Male,12,8584607.66666667,487.765878875536,28.0337018839137
1,2018-09-24 11:58:41,GOA,1993,10110,arrowtooth flounder,Atheresthes stomias,Male,13,4536801.75,471.067358189059,13.270055070134
1,2018-09-24 11:58:41,GOA,1993,10110,arrowtooth flounder,Atheresthes stomias,Male,14,2273371.41666667,400,0
1,2018-09-24 11:58:41,GOA,1993,10110,arrowtooth flounder,Atheresthes stomias,Male,15,1634536.5,480,0
1,2018-09-24 11:58:41,GOA,1993,10110,arrowtooth flounder,Atheresthes stomias,Male,16,2014691.83333333,470,0
1,2018-09-24 11:58:41,GOA,1993,10110,arrowtooth flounder,Atheresthes stomias,Male,18,803957.5,520,0
1,2018-09-24 11:58:41,GOA,1993,10110,arrowtooth flounder,Atheresthes stomias,Male,20,1634536.5,480,0
1,2018-09-24 11:58:41,GOA,1996,10110,arrowtooth flounder,Atheresthes stomias,Female,-9,1924854,638.890975627242,273.522539523967
1,2018-09-24 11:58:41,GOA,1996,10110,arrowtooth flounder,Atheresthes stomias,Female,1,542938,133.202686126224,9.47326773488899
1,2018-09-24 11:58:41,GOA,1996,10110,arrowtooth flounder,Atheresthes stomias,Female,2,75514453.2063492,214.975722310753,26.1505188707949
1,2018-09-24 11:58:41,GOA,1996,10110,arrowtooth flounder,Atheresthes stomias,Female,3,109608881.429762,262.783943713325,37.7664887467393
1,2018-09-24 11:58:41,GOA,1996,10110,arrowtooth flounder,Atheresthes stomias,Female,4,129913201.101984,329.319120852991,48.934950698552
1,2018-09-24 11:58:41,GOA,1996,10110,arrowtooth flounder,Atheresthes stomias,Female,5,131237762.458333,374.418725334075,42.3996706612668
1,2018-09-24 11:58:41,GOA,1996,10110,arrowtooth flounder,Atheresthes stomias,Female,6,167803078.665873,420.770643377853,42.9976131425489
1,2018-09-24 11:58:41,GOA,1996,10110,arrowtooth flounder,Atheresthes stomias,Female,7,168765566.505159,465.818212870226,44.3387062832253
1,2018-09-24 11:58:41,GOA,1996,10110,arrowtooth flounder,Atheresthes stomias,Female,8,137663700.544048,497.398704127258,46.9490554640541
1,2018-09-24 11:58:41,GOA,1996,10110,arrowtooth flounder,Atheresthes stomias,Female,9,150644721.040476,535.736995266285,39.7209705320756
1,2018-09-24 11:58:41,GOA,1996,10110,arrowtooth flounder,Atheresthes stomias,Female,10,160410079.788095,547.576134757454,41.4695036044931
1,2018-09-24 11:58:41,GOA,1996,10110,arrowtooth flounder,Atheresthes stomias,Female,11,43583821.5416667,591.773308230224,37.9155413795188
1,2018-09-24 11:58:41,GOA,1996,10110,arrowtooth flounder,Atheresthes stomias,Female,12,24562458.059127,638.092278077805,59.1518164700753
1,2018-09-24 11:58:41,GOA,1996,10110,arrowtooth flounder,Atheresthes stomias,Female,13,17097637.8472222,646.700715815894,58.7308316127808
1,2018-09-24 11:58:41,GOA,1996,10110,arrowtooth flounder,Atheresthes stomias,Female,14,10646011.2857143,681.789772290169,62.9461497750653
1,2018-09-24 11:58:41,GOA,1996,10110,arrowtooth flounder,Atheresthes stomias,Female,15,2766961.91666667,736.76727847989,25.2316931061701
1,2018-09-24 11:58:41,GOA,1996,10110,arrowtooth flounder,Atheresthes stomias,Female,16,2672286.10952381,682.861458983747,62.9960407894932
1,2018-09-24 11:58:41,GOA,1996,10110,arrowtooth flounder,Atheresthes stomias,Female,18,160773.5,810,0
1,2018-09-24 11:58:41,GOA,1996,10110,arrowtooth flounder,Atheresthes stomias,Female,20,200188,820,0
1,2018-09-24 11:58:41,GOA,1996,10110,arrowtooth flounder,Atheresthes stomias,Male,-9,1856666,503.923495125133,185.071857067135
1,2018-09-24 11:58:41,GOA,1996,10110,arrowtooth flounder,Atheresthes stomias,Male,1,1362905,145.390272983077,8.82306023841963
1,2018-09-24 11:58:41,GOA,1996,10110,arrowtooth flounder,Atheresthes stomias,Male,2,50703940.9206349,207.473869350573,21.615997028092
1,2018-09-24 11:58:41,GOA,1996,10110,arrowtooth flounder,Atheresthes stomias,Male,3,66572601.3869048,263.45551160618,36.1934610929742
1,2018-09-24 11:58:41,GOA,1996,10110,arrowtooth flounder,Atheresthes stomias,Male,4,67959081.35,340.150619678734,49.7432122184833
1,2018-09-24 11:58:41,GOA,1996,10110,arrowtooth flounder,Atheresthes stomias,Male,5,71092867.6055555,353.400555618523,34.0520055231774
1,2018-09-24 11:58:41,GOA,1996,10110,arrowtooth flounder,Atheresthes stomias,Male,6,111726393.615873,410.688537171691,36.112589424608
1,2018-09-24 11:58:41,GOA,1996,10110,arrowtooth flounder,Atheresthes stomias,Male,7,55290396.5988095,435.617836780963,29.7103861820795
1,2018-09-24 11:58:41,GOA,1996,10110,arrowtooth flounder,Atheresthes stomias,Male,8,77504346.6111111,446.626480794714,24.3847859218007
1,2018-09-24 11:58:41,GOA,1996,10110,arrowtooth flounder,Atheresthes stomias,Male,9,28451124.590873,469.473643507239,24.9692640670198
1,2018-09-24 11:58:41,GOA,1996,10110,arrowtooth flounder,Atheresthes stomias,Male,10,21012490.8571429,469.277439100917,18.7059840053956
1,2018-09-24 11:58:41,GOA,1996,10110,arrowtooth flounder,Atheresthes stomias,Male,11,20298284.652381,480.522562704458,20.8536214806086
1,2018-09-24 11:58:41,GOA,1996,10110,arrowtooth flounder,Atheresthes stomias,Male,12,9558527.99166667,490.72279726781,33.9597805372119
1,2018-09-24 11:58:41,GOA,1996,10110,arrowtooth flounder,Atheresthes stomias,Male,13,2261256.48571429,492.954556478758,11.7897591133883
1,2018-09-24 11:58:41,GOA,1996,10110,arrowtooth flounder,Atheresthes stomias,Male,14,918146.833333333,510,0
1,2018-09-24 11:58:41,GOA,1996,10110,arrowtooth flounder,Atheresthes stomias,Male,15,1020042.66666667,520,0
1,2018-09-24 11:58:41,GOA,1996,10110,arrowtooth flounder,Atheresthes stomias,Male,17,918146.833333333,510,0
1,2018-09-24 11:58:41,GOA,1999,10110,arrowtooth flounder,Atheresthes stomias,Female,-9,887167,396.740455855549,357.159838301189
1,2018-09-24 11:58:41,GOA,1999,10110,arrowtooth flounder,Atheresthes stomias,Female,1,1297921,138.176067726772,16.7085508941027
1,2018-09-24 11:58:41,GOA,1999,10110,arrowtooth flounder,Atheresthes stomias,Female,2,86053640.748951,207.22267856275,22.7846225708071
1,2018-09-24 11:58:41,GOA,1999,10110,arrowtooth flounder,Atheresthes stomias,Female,3,139824413.249359,271.773704645955,34.4543247465602
1,2018-09-24 11:58:41,GOA,1999,10110,arrowtooth flounder,Atheresthes stomias,Female,4,167143486.230012,331.550605322462,34.137720909594
1,2018-09-24 11:58:41,GOA,1999,10110,arrowtooth flounder,Atheresthes stomias,Female,5,116197801.626224,381.205002201652,42.2273595018504
1,2018-09-24 11:58:41,GOA,1999,10110,arrowtooth flounder,Atheresthes stomias,Female,6,102849205.285859,423.062410267904,45.212693614644
1,2018-09-24 11:58:41,GOA,1999,10110,arrowtooth flounder,Atheresthes stomias,Female,7,99131970.4691919,476.149681467451,41.1122512074602
1,2018-09-24 11:58:41,GOA,1999,10110,arrowtooth flounder,Atheresthes stomias,Female,8,109427200.584848,514.320550338521,35.453289035996
1,2018-09-24 11:58:41,GOA,1999,10110,arrowtooth flounder,Atheresthes stomias,Female,9,80011475.6313131,533.256397647139,37.3036198208105
1,2018-09-24 11:58:41,GOA,1999,10110,arrowtooth flounder,Atheresthes stomias,Female,10,64029272.3719697,545.367408711112,39.8227090184368
1,2018-09-24 11:58:41,GOA,1999,10110,arrowtooth flounder,Atheresthes stomias,Female,11,60478662.5607504,568.098713766458,44.4639619861182
1,2018-09-24 11:58:41,GOA,1999,10110,arrowtooth flounder,Atheresthes stomias,Female,12,50534654.1703463,590.885373064058,52.7751012249352
1,2018-09-24 11:58:41,GOA,1999,10110,arrowtooth flounder,Atheresthes stomias,Female,13,23753064.1470418,614.315497596555,48.2566937395469
1,2018-09-24 11:58:41,GOA,1999,10110,arrowtooth flounder,Atheresthes stomias,Female,14,21285249.7289322,607.528255831672,49.5859270711491
1,2018-09-24 11:58:41,GOA,1999,10110,arrowtooth flounder,Atheresthes stomias,Female,15,16654267.1790404,614.881208159113,70.9146440762474
1,2018-09-24 11:58:41,GOA,1999,10110,arrowtooth flounder,Atheresthes stomias,Female,16,3792190.28888889,653.169094280624,40.4701316822866
1,2018-09-24 11:58:41,GOA,1999,10110,arrowtooth flounder,Atheresthes stomias,Female,17,7187516.04393939,630.379072545138,62.5569741328166
1,2018-09-24 11:58:41,GOA,1999,10110,arrowtooth flounder,Atheresthes stomias,Female,18,545667.583333333,744.825708142518,4.9969613114743
1,2018-09-24 11:58:41,GOA,1999,10110,arrowtooth flounder,Atheresthes stomias,Female,19,1369081.5,743.534245404675,24.9569942794851
1,2018-09-24 11:58:41,GOA,1999,10110,arrowtooth flounder,Atheresthes stomias,Female,21,4432648.6,540,0
1,2018-09-24 11:58:41,GOA,1999,10110,arrowtooth flounder,Atheresthes stomias,Female,22,307929,806.537123817503,26.809531232285
1,2018-09-24 11:58:41,GOA,1999,10110,arrowtooth flounder,Atheresthes stomias,Male,-9,1922256,393.310833728702,229.869838733703
1,2018-09-24 11:58:41,GOA,1999,10110,arrowtooth flounder,Atheresthes stomias,Male,1,2718146.5,145.561201355409,26.3373866556058
1,2018-09-24 11:58:41,GOA,1999,10110,arrowtooth flounder,Atheresthes stomias,Male,2,59332803.530303,206.273235592208,24.4064788955996
1,2018-09-24 11:58:41,GOA,1999,10110,arrowtooth flounder,Atheresthes stomias,Male,3,84484655.5573232,268.100409636731,32.73495628259
1,2018-09-24 11:58:41,GOA,1999,10110,arrowtooth flounder,Atheresthes stomias,Male,4,80898671.1005051,317.477340381722,30.4560997431194
1,2018-09-24 11:58:41,GOA,1999,10110,arrowtooth flounder,Atheresthes stomias,Male,5,62931802.7327922,371.055961689122,32.4604965639762
1,2018-09-24 11:58:41,GOA,1999,10110,arrowtooth flounder,Atheresthes stomias,Male,6,42473226.4277223,410.794306704818,33.6140118724313
1,2018-09-24 11:58:41,GOA,1999,10110,arrowtooth flounder,Atheresthes stomias,Male,7,51508242.2251249,424.36583158699,26.4113955037456
1,2018-09-24 11:58:41,GOA,1999,10110,arrowtooth flounder,Atheresthes stomias,Male,8,39481397.2675269,444.855201928218,31.44736236855
1,2018-09-24 11:58:41,GOA,1999,10110,arrowtooth flounder,Atheresthes stomias,Male,9,23750721.8873349,453.663182997268,24.3374597677113
1,2018-09-24 11:58:41,GOA,1999,10110,arrowtooth flounder,Atheresthes stomias,Male,10,15661717.8153846,473.866996364004,21.4976490413639
1,2018-09-24 11:58:41,GOA,1999,10110,arrowtooth flounder,Atheresthes stomias,Male,11,13048619.5403846,473.102478213949,22.2567231108153
1,2018-09-24 11:58:41,GOA,1999,10110,arrowtooth flounder,Atheresthes stomias,Male,12,20528506.2668803,465.418198784092,24.6654480286652
1,2018-09-24 11:58:41,GOA,1999,10110,arrowtooth flounder,Atheresthes stomias,Male,13,5566027.24038462,495.008058321421,24.5476860655922
1,2018-09-24 11:58:41,GOA,1999,10110,arrowtooth flounder,Atheresthes stomias,Male,14,1985437.08333333,516.30358848356,8.18692490688414
1,2018-09-24 11:58:41,GOA,1999,10110,arrowtooth flounder,Atheresthes stomias,Male,15,4834575.525,495.357373644504,12.1956804445878
1,2018-09-24 11:58:41,GOA,1999,10110,arrowtooth flounder,Atheresthes stomias,Male,17,4570074.3,480.023384740156,11.3700236962471
1,2018-09-24 11:58:41,GOA,1999,10110,arrowtooth flounder,Atheresthes stomias,Unknown,-9,3600768,316.998368125911,118.610822526523
1,2018-09-24 11:58:41,GOA,1999,10110,arrowtooth flounder,Atheresthes stomias,Unknown,1,595740.857142857,103.644870996162,9.65881853528706
1,2018-09-24 11:58:41,GOA,1999,10110,arrowtooth flounder,Atheresthes stomias,Unknown,2,55242.1695238095,202.586296134916,74.337860132648
1,2018-09-24 11:58:41,GOA,1999,10110,arrowtooth flounder,Atheresthes stomias,Unknown,3,527992.115681628,289.427952339285,26.1339901665747
1,2018-09-24 11:58:41,GOA,1999,10110,arrowtooth flounder,Atheresthes stomias,Unknown,4,1000486.52452307,328.371428716477,27.3518099296842
1,2018-09-24 11:58:41,GOA,1999,10110,arrowtooth flounder,Atheresthes stomias,Unknown,5,606338.366997172,365.635591565028,33.7373892521238
1,2018-09-24 11:58:41,GOA,1999,10110,arrowtooth flounder,Atheresthes stomias,Unknown,6,300161.33507454,390.970796088565,34.8833768851872
1,2018-09-24 11:58:41,GOA,1999,10110,arrowtooth flounder,Atheresthes stomias,Unknown,7,169134.62787126,428.756293973066,41.9925113943255
1,2018-09-24 11:58:41,GOA,1999,10110,arrowtooth flounder,Atheresthes stomias,Unknown,8,99155.4084829945,462.213119749033,58.3166494420377
1,2018-09-24 11:58:41,GOA,1999,10110,arrowtooth flounder,Atheresthes stomias,Unknown,9,57787.506478317,483.994125463767,57.6114970915742
1,2018-09-24 11:58:41,GOA,1999,10110,arrowtooth flounder,Atheresthes stomias,Unknown,10,40084.3236291486,524.672114881312,68.5779290164394
1,2018-09-24 11:58:41,GOA,1999,10110,arrowtooth flounder,Atheresthes stomias,Unknown,11,29434.1795454545,517.414469548406,47.2217479884305
1,2018-09-24 11:58:41,GOA,1999,10110,arrowtooth flounder,Atheresthes stomias,Unknown,12,52118.5328130933,527.282069723193,62.8824828925028
1,2018-09-24 11:58:41,GOA,1999,10110,arrowtooth flounder,Atheresthes stomias,Unknown,13,24020.446969697,570.786656191584,48.8140061110311
1,2018-09-24 11:58:41,GOA,1999,10110,arrowtooth flounder,Atheresthes stomias,Unknown,14,19045.3232323232,591.258367201683,39.8167175495909
1,2018-09-24 11:58:41,GOA,1999,10110,arrowtooth flounder,Atheresthes stomias,Unknown,15,19611.7522727273,555.065363752787,47.4902688971139
1,2018-09-24 11:58:41,GOA,1999,10110,arrowtooth flounder,Atheresthes stomias,Unknown,17,3323.90476190476,480,0
1,2018-09-24 11:58:41,GOA,1999,10110,arrowtooth flounder,Atheresthes stomias,Unknown,21,1090.625,540,0
1,2018-09-24 11:58:41,GOA,2001,10110,arrowtooth flounder,Atheresthes stomias,Female,-9,412994,510.490588240991,373.092583367199
1,2018-09-24 11:58:41,GOA,2001,10110,arrowtooth flounder,Atheresthes stomias,Female,1,1770416.94444444,157.340903782709,21.9559701240891
1,2018-09-24 11:58:41,GOA,2001,10110,arrowtooth flounder,Atheresthes stomias,Female,2,179606146.901709,216.983992452639,22.0041871951721
1,2018-09-24 11:58:41,GOA,2001,10110,arrowtooth flounder,Atheresthes stomias,Female,3,108386937.914835,282.936677390246,29.2846297474845
1,2018-09-24 11:58:41,GOA,2001,10110,arrowtooth flounder,Atheresthes stomias,Female,4,158316620.180495,345.903230189922,36.0829514049213
1,2018-09-24 11:58:41,GOA,2001,10110,arrowtooth flounder,Atheresthes stomias,Female,5,133142697.198901,387.006375269238,42.1555029213427
1,2018-09-24 11:58:41,GOA,2001,10110,arrowtooth flounder,Atheresthes stomias,Female,6,88870034.5515568,437.279892600867,34.7693483680088
1,2018-09-24 11:58:41,GOA,2001,10110,arrowtooth flounder,Atheresthes stomias,Female,7,122170155.020147,468.722206777137,29.9410171613638
1,2018-09-24 11:58:41,GOA,2001,10110,arrowtooth flounder,Atheresthes stomias,Female,8,70594874.2461538,482.690723353571,35.2835595290955
1,2018-09-24 11:58:41,GOA,2001,10110,arrowtooth flounder,Atheresthes stomias,Female,9,69120238.2494505,524.947673746879,30.3158784679245
1,2018-09-24 11:58:41,GOA,2001,10110,arrowtooth flounder,Atheresthes stomias,Female,10,70106153.543956,545.5968546657,27.8701274448993
1,2018-09-24 11:58:41,GOA,2001,10110,arrowtooth flounder,Atheresthes stomias,Female,11,53136100.5290293,574.244778691649,44.3322915958387
1,2018-09-24 11:58:41,GOA,2001,10110,arrowtooth flounder,Atheresthes stomias,Female,12,43382872.6263903,584.673085777461,39.5506086416298
1,2018-09-24 11:58:41,GOA,2001,10110,arrowtooth flounder,Atheresthes stomias,Female,13,35261095.5239885,602.667892506834,49.2100883044079
1,2018-09-24 11:58:41,GOA,2001,10110,arrowtooth flounder,Atheresthes stomias,Female,14,40700320.5981061,617.100550435946,48.6817442811489
1,2018-09-24 11:58:41,GOA,2001,10110,arrowtooth flounder,Atheresthes stomias,Female,15,23782789.1434815,647.576740122902,56.628976896781
1,2018-09-24 11:58:41,GOA,2001,10110,arrowtooth flounder,Atheresthes stomias,Female,16,15631328.2476482,650.689424105951,58.9921967837487
1,2018-09-24 11:58:41,GOA,2001,10110,arrowtooth flounder,Atheresthes stomias,Female,17,9679423.53279221,647.747203339775,77.1599906420212
1,2018-09-24 11:58:41,GOA,2001,10110,arrowtooth flounder,Atheresthes stomias,Female,18,2863225.43476107,720.697032496585,49.497746876534
1,2018-09-24 11:58:41,GOA,2001,10110,arrowtooth flounder,Atheresthes stomias,Female,19,1701167.33971861,727.999486187299,32.3051946930768
1,2018-09-24 11:58:41,GOA,2001,10110,arrowtooth flounder,Atheresthes stomias,Female,20,1488081.56410256,673.494190532463,44.6767295200224
1,2018-09-24 11:58:41,GOA,2001,10110,arrowtooth flounder,Atheresthes stomias,Female,21,366584.916666667,807.204733600832,46.1875132090679
1,2018-09-24 11:58:41,GOA,2001,10110,arrowtooth flounder,Atheresthes stomias,Female,23,611425.791666667,787.504722397833,16.4387634368938
1,2018-09-24 11:58:41,GOA,2001,10110,arrowtooth flounder,Atheresthes stomias,Male,-9,166471,187.118296880538,202.622348877343
1,2018-09-24 11:58:41,GOA,2001,10110,arrowtooth flounder,Atheresthes stomias,Male,1,2912621.8,152.540434188881,18.9950769977977
1,2018-09-24 11:58:41,GOA,2001,10110,arrowtooth flounder,Atheresthes stomias,Male,2,128436550.148168,213.542274757521,22.5133780640471
1,2018-09-24 11:58:41,GOA,2001,10110,arrowtooth flounder,Atheresthes stomias,Male,3,84176035.9037088,281.119039932755,27.6182648412589
1,2018-09-24 11:58:41,GOA,2001,10110,arrowtooth flounder,Atheresthes stomias,Male,4,82002695.9198718,340.330364491739,30.9071488819907
1,2018-09-24 11:58:41,GOA,2001,10110,arrowtooth flounder,Atheresthes stomias,Male,5,60457544.5613553,384.17030557522,29.5516008776148
1,2018-09-24 11:58:41,GOA,2001,10110,arrowtooth flounder,Atheresthes stomias,Male,6,39890873.8608516,413.700475059924,29.6873826479393
1,2018-09-24 11:58:41,GOA,2001,10110,arrowtooth flounder,Atheresthes stomias,Male,7,26624015.3901099,433.253870473164,25.8527858276503
1,2018-09-24 11:58:41,GOA,2001,10110,arrowtooth flounder,Atheresthes stomias,Male,8,28568880.7373626,448.889304431479,25.814778365189
1,2018-09-24 11:58:41,GOA,2001,10110,arrowtooth flounder,Atheresthes stomias,Male,9,15185579.6769481,457.476513564208,23.5612815530626
1,2018-09-24 11:58:41,GOA,2001,10110,arrowtooth flounder,Atheresthes stomias,Male,10,17142993.6872294,470.653000024176,21.6529487392551
1,2018-09-24 11:58:41,GOA,2001,10110,arrowtooth flounder,Atheresthes stomias,Male,11,13246886.6590909,472.343141246238,16.3339765261807
1,2018-09-24 11:58:41,GOA,2001,10110,arrowtooth flounder,Atheresthes stomias,Male,12,14749891.3257576,483.157637496821,15.89352488965
1,2018-09-24 11:58:41,GOA,2001,10110,arrowtooth flounder,Atheresthes stomias,Male,13,4874662.75,488.26512852949,27.6077170169212
1,2018-09-24 11:58:41,GOA,2001,10110,arrowtooth flounder,Atheresthes stomias,Male,14,2479855.625,513.167043242689,6.35361125070653
1,2018-09-24 11:58:41,GOA,2001,10110,arrowtooth flounder,Atheresthes stomias,Male,15,1835908.12121212,494.035260033479,4.90604492406912
1,2018-09-24 11:58:41,GOA,2001,10110,arrowtooth flounder,Atheresthes stomias,Male,16,2469176.08333333,518.254291841546,10.425598279829
1,2018-09-24 11:58:41,GOA,2001,10110,arrowtooth flounder,Atheresthes stomias,Male,17,1837625.75,514.273889827676,7.05309410583565
1,2018-09-24 11:58:41,GOA,2003,10110,arrowtooth flounder,Atheresthes stomias,Male,-9,1229812,561.510263357326,151.288890540488
1,2018-09-24 11:58:41,GOA,2003,10110,arrowtooth flounder,Atheresthes stomias,Male,1,25729362.1190476,158.363139111154,18.8327343808492
1,2018-09-24 11:58:41,GOA,2003,10110,arrowtooth flounder,Atheresthes stomias,Male,2,162090376.481962,212.043065298488,21.6490057693045
1,2018-09-24 11:58:41,GOA,2003,10110,arrowtooth flounder,Atheresthes stomias,Male,3,122148236.10202,268.429325314671,40.213368801193
1,2018-09-24 11:58:41,GOA,2003,10110,arrowtooth flounder,Atheresthes stomias,Male,4,232382829.921212,329.519016270218,41.8799025510752
1,2018-09-24 11:58:41,GOA,2003,10110,arrowtooth flounder,Atheresthes stomias,Male,5,136829259.462626,346.49419495992,41.8611342885806
1,2018-09-24 11:58:41,GOA,2003,10110,arrowtooth flounder,Atheresthes stomias,Male,6,122516974.240909,384.333006588763,29.7498201135503
1,2018-09-24 11:58:41,GOA,2003,10110,arrowtooth flounder,Atheresthes stomias,Male,7,63266253.2176768,426.305969228848,34.3494578996749
1,2018-09-24 11:58:41,GOA,2003,10110,arrowtooth flounder,Atheresthes stomias,Male,8,53542465.6565657,452.876914394259,31.3830856289695
1,2018-09-24 11:58:41,GOA,2003,10110,arrowtooth flounder,Atheresthes stomias,Male,9,21404478.6,447.7938934705,26.2292702760027
1,2018-09-24 11:58:41,GOA,2003,10110,arrowtooth flounder,Atheresthes stomias,Male,10,31808404.9616162,468.42456019808,22.3653776544388
1,2018-09-24 11:58:41,GOA,2003,10110,arrowtooth flounder,Atheresthes stomias,Male,11,21150272.9060606,464.217925094618,27.6829546133918
1,2018-09-24 11:58:41,GOA,2003,10110,arrowtooth flounder,Atheresthes stomias,Male,12,21593208.1565657,470.317769662335,20.9767697202193
1,2018-09-24 11:58:41,GOA,2003,10110,arrowtooth flounder,Atheresthes stomias,Male,13,14514479.9010101,473.470988184628,29.6916908243092
1,2018-09-24 11:58:41,GOA,2003,10110,arrowtooth flounder,Atheresthes stomias,Male,14,3921030.83333333,519.423687690971,11.7087622660089
1,2018-09-24 11:58:41,GOA,2003,10110,arrowtooth flounder,Atheresthes stomias,Male,15,12138068.2727273,488.587177075808,22.3227429560089
1,2018-09-24 11:58:41,GOA,2003,10110,arrowtooth flounder,Atheresthes stomias,Male,16,5881049.16666667,503.834264927313,21.7898348294522
1,2018-09-24 11:58:41,GOA,2003,10110,arrowtooth flounder,Atheresthes stomias,Male,17,6180056,507.501845722218,4.32906086608228
1,2018-09-24 11:58:41,GOA,2003,10110,arrowtooth flounder,Atheresthes stomias,Male,19,1241756,550,0
1,2018-09-24 11:58:41,GOA,2005,10110,arrowtooth flounder,Atheresthes stomias,Female,-9,1365507,446.98637209476,353.034247534138
1,2018-09-24 11:58:41,GOA,2005,10110,arrowtooth flounder,Atheresthes stomias,Female,1,6694322.58333333,146.583994041418,19.7181995343767
1,2018-09-24 11:58:41,GOA,2005,10110,arrowtooth flounder,Atheresthes stomias,Female,2,76898116.8928571,204.005844412731,23.8061335897352
1,2018-09-24 11:58:41,GOA,2005,10110,arrowtooth flounder,Atheresthes stomias,Female,3,136689669.779762,260.385611165452,30.1519052916435
1,2018-09-24 11:58:41,GOA,2005,10110,arrowtooth flounder,Atheresthes stomias,Female,4,157738269.118254,304.705216364623,32.8134446846334
1,2018-09-24 11:58:41,GOA,2005,10110,arrowtooth flounder,Atheresthes stomias,Female,5,332120641.760714,351.512119002879,39.6669729392198
1,2018-09-24 11:58:41,GOA,2005,10110,arrowtooth flounder,Atheresthes stomias,Female,6,354026188.583333,406.508486788704,44.4083160506755
1,2018-09-24 11:58:41,GOA,2005,10110,arrowtooth flounder,Atheresthes stomias,Female,7,352286679.953968,445.005328709778,46.3230229363888
1,2018-09-24 11:58:41,GOA,2005,10110,arrowtooth flounder,Atheresthes stomias,Female,8,198650720.258333,477.546232008906,51.7972776967246
1,2018-09-24 11:58:41,GOA,2005,10110,arrowtooth flounder,Atheresthes stomias,Female,9,74345248.5138889,530.184358466024,34.2450383283182
1,2018-09-24 11:58:41,GOA,2005,10110,arrowtooth flounder,Atheresthes stomias,Female,10,47183062,564.002108196511,26.4444354317437
1,2018-09-24 11:58:41,GOA,2005,10110,arrowtooth flounder,Atheresthes stomias,Female,11,68469886.2996032,573.414569127247,38.4626887724004
1,2018-09-24 11:58:41,GOA,2005,10110,arrowtooth flounder,Atheresthes stomias,Female,12,45201045.3623016,577.694037002812,47.8996798610332
1,2018-09-24 11:58:41,GOA,2005,10110,arrowtooth flounder,Atheresthes stomias,Female,13,27343517.3654762,593.505932006517,47.065916983928
1,2018-09-24 11:58:41,GOA,2005,10110,arrowtooth flounder,Atheresthes stomias,Female,14,21001706.209127,591.221557157132,55.9876728506483
1,2018-09-24 11:58:41,GOA,2005,10110,arrowtooth flounder,Atheresthes stomias,Female,15,24443174.2789683,612.336157890485,53.0276643304258
1,2018-09-24 11:58:41,GOA,2005,10110,arrowtooth flounder,Atheresthes stomias,Female,16,21842866.025,639.496871269558,61.2897084539834
1,2018-09-24 11:58:41,GOA,2005,10110,arrowtooth flounder,Atheresthes stomias,Female,17,7889471.73333333,617.218120628541,56.9610218025521
1,2018-09-24 11:58:41,GOA,2005,10110,arrowtooth flounder,Atheresthes stomias,Female,18,11485627.0138889,602.368480850544,88.021453829261
1,2018-09-24 11:58:41,GOA,2005,10110,arrowtooth flounder,Atheresthes stomias,Female,19,956050.375,655.387698582305,51.8351373392426
1,2018-09-24 11:58:41,GOA,2005,10110,arrowtooth flounder,Atheresthes stomias,Female,20,3897360.89285714,639.366778370767,69.7800233279536
1,2018-09-24 11:58:41,GOA,2005,10110,arrowtooth flounder,Atheresthes stomias,Female,22,7351,870,0
1,2018-09-24 11:58:41,GOA,2005,10110,arrowtooth flounder,Atheresthes stomias,Male,-9,1300275,551.263140489512,126.230368164589
1,2018-09-24 11:58:41,GOA,2005,10110,arrowtooth flounder,Atheresthes stomias,Male,1,9566730.63333333,148.061181047364,21.6140412211599
1,2018-09-24 11:58:41,GOA,2005,10110,arrowtooth flounder,Atheresthes stomias,Male,2,44516199.1845238,201.050032369951,24.1381410052374
1,2018-09-24 11:58:41,GOA,2005,10110,arrowtooth flounder,Atheresthes stomias,Male,3,120928397.880556,252.148773010785,30.8517574800557
1,2018-09-24 11:58:41,GOA,2005,10110,arrowtooth flounder,Atheresthes stomias,Male,4,102636265.444444,302.985766208928,30.120827567849
1,2018-09-24 11:58:41,GOA,2005,10110,arrowtooth flounder,Atheresthes stomias,Male,5,118323718.715079,352.621159665838,31.7526765455616
1,2018-09-24 11:58:41,GOA,2005,10110,arrowtooth flounder,Atheresthes stomias,Male,6,231414666.992063,386.92418027066,26.5324913196163
1,2018-09-24 11:58:41,GOA,2005,10110,arrowtooth flounder,Atheresthes stomias,Male,7,70685726.7273809,417.543252320334,26.367634324461
1,2018-09-24 11:58:41,GOA,2005,10110,arrowtooth flounder,Atheresthes stomias,Male,8,24987164.3769841,425.597413403914,30.081318501233
1,2018-09-24 11:58:41,GOA,2005,10110,arrowtooth flounder,Atheresthes stomias,Male,9,25851865.5436508,449.782150978559,19.6253946450774
1,2018-09-24 11:58:41,GOA,2005,10110,arrowtooth flounder,Atheresthes stomias,Male,10,28135395.4992063,475.126151616779,30.0920174682247
1,2018-09-24 11:58:41,GOA,2005,10110,arrowtooth flounder,Atheresthes stomias,Male,11,15018068.8861111,462.090772532393,27.9059294596356
1,2018-09-24 11:58:41,GOA,2005,10110,arrowtooth flounder,Atheresthes stomias,Male,12,16883156.2916667,473.698671188682,21.7097955190963
1,2018-09-24 11:58:41,GOA,2005,10110,arrowtooth flounder,Atheresthes stomias,Male,13,6830635.25,488.810802162703,13.643591985335
1,2018-09-24 11:58:41,GOA,2005,10110,arrowtooth flounder,Atheresthes stomias,Male,14,5315286.875,476.22709522146,14.462945020848
1,2018-09-24 11:58:41,GOA,2005,10110,arrowtooth flounder,Atheresthes stomias,Male,15,4788568.3,499.446898146989,19.1245715026555
1,2018-09-24 11:58:41,GOA,2005,10110,arrowtooth flounder,Atheresthes stomias,Male,16,1298410.66666667,500,0
1,2018-09-24 11:58:41,GOA,2005,10110,arrowtooth flounder,Atheresthes stomias,Male,17,911479.333333333,510,0
1,2018-09-24 11:58:41,GOA,2005,10110,arrowtooth flounder,Atheresthes stomias,Male,18,384340.4,530,0
1,2018-09-24 11:58:41,GOA,2007,10110,arrowtooth flounder,Atheresthes stomias,Female,-9,830945,187.127415171883,251.210746479719
1,2018-09-24 11:58:41,GOA,2007,10110,arrowtooth flounder,Atheresthes stomias,Female,1,597689.875,142.084421289553,17.9316996267263
1,2018-09-24 11:58:41,GOA,2007,10110,arrowtooth flounder,Atheresthes stomias,Female,2,88307098.2159091,201.205139587408,21.1487552057147
1,2018-09-24 11:58:41,GOA,2007,10110,arrowtooth flounder,Atheresthes stomias,Female,3,172876649.249892,262.341012931486,29.69123862301
1,2018-09-24 11:58:41,GOA,2007,10110,arrowtooth flounder,Atheresthes stomias,Female,4,169524345.619913,310.563175687436,39.8601366453887
1,2018-09-24 11:58:41,GOA,2007,10110,arrowtooth flounder,Atheresthes stomias,Female,5,156283463.568706,367.089898491047,53.004484520922
1,2018-09-24 11:58:41,GOA,2007,10110,arrowtooth flounder,Atheresthes stomias,Female,6,204238100.143298,421.516131018531,52.5327758049295
1,2018-09-24 11:58:41,GOA,2007,10110,arrowtooth flounder,Atheresthes stomias,Female,7,156505210.854101,450.635930509857,44.8705919810458
1,2018-09-24 11:58:41,GOA,2007,10110,arrowtooth flounder,Atheresthes stomias,Female,8,255174001.814089,494.233031940638,34.4909215158544
1,2018-09-24 11:58:41,GOA,2007,10110,arrowtooth flounder,Atheresthes stomias,Female,9,144010372.734848,498.528537294428,39.3467727558488
1,2018-09-24 11:58:41,GOA,2007,10110,arrowtooth flounder,Atheresthes stomias,Female,10,102242977.385101,519.597109141376,43.1363572636427
1,2018-09-24 11:58:41,GOA,2007,10110,arrowtooth flounder,Atheresthes stomias,Female,11,75531018.200505,531.925934772719,51.0173874728924
1,2018-09-24 11:58:41,GOA,2007,10110,arrowtooth flounder,Atheresthes stomias,Female,12,46634069.6409091,546.825550694162,41.7221777132294
1,2018-09-24 11:58:41,GOA,2007,10110,arrowtooth flounder,Atheresthes stomias,Female,13,47290595.5520924,577.819443636826,49.4756385944801
1,2018-09-24 11:58:41,GOA,2007,10110,arrowtooth flounder,Atheresthes stomias,Female,14,17464961.3801587,589.464375006746,61.2653596892976
1,2018-09-24 11:58:41,GOA,2007,10110,arrowtooth flounder,Atheresthes stomias,Female,15,5016608.96904762,640.166113334326,52.0323392837382
1,2018-09-24 11:58:41,GOA,2007,10110,arrowtooth flounder,Atheresthes stomias,Female,16,35343135.1861111,584.561906348397,29.8989009592592
1,2018-09-24 11:58:41,GOA,2007,10110,arrowtooth flounder,Atheresthes stomias,Female,17,22433322.4694444,634.548841094665,46.4046991260648
1,2018-09-24 11:58:41,GOA,2007,10110,arrowtooth flounder,Atheresthes stomias,Female,18,11899049.9444444,615.687022151101,58.8717593215456
1,2018-09-24 11:58:41,GOA,2007,10110,arrowtooth flounder,Atheresthes stomias,Female,19,10690145.827381,625.43018344132,33.0987022353039
1,2018-09-24 11:58:41,GOA,2007,10110,arrowtooth flounder,Atheresthes stomias,Female,20,6735558.68571429,649.539142503373,51.6598560170513
1,2018-09-24 11:58:41,GOA,2007,10110,arrowtooth flounder,Atheresthes stomias,Female,21,1163404.25,741.818119110361,41.1669339955745
1,2018-09-24 11:58:41,GOA,2007,10110,arrowtooth flounder,Atheresthes stomias,Female,22,5984241.33333333,621.041249227694,84.8708851267873
1,2018-09-24 11:58:41,GOA,2007,10110,arrowtooth flounder,Atheresthes stomias,Female,23,1836182.26666667,772.267878344975,29.0842268796868
1,2018-09-24 11:58:41,GOA,2007,10110,arrowtooth flounder,Atheresthes stomias,Female,24,542704.433333333,752.362498359297,4.24777413422843
1,2018-09-24 11:58:41,GOA,2007,10110,arrowtooth flounder,Atheresthes stomias,Female,25,834847.4,743.773817825868,33.0691254109294
1,2018-09-24 11:58:41,GOA,2007,10110,arrowtooth flounder,Atheresthes stomias,Male,-9,383487,560.869468847705,159.632882833515
1,2018-09-24 11:58:41,GOA,2007,10110,arrowtooth flounder,Atheresthes stomias,Male,1,653741,116.463859540705,13.7814097480192
1,2018-09-24 11:58:41,GOA,2007,10110,arrowtooth flounder,Atheresthes stomias,Male,2,48586603.8196248,197.277910799073,17.9499628167573
1,2018-09-24 11:58:41,GOA,2007,10110,arrowtooth flounder,Atheresthes stomias,Male,3,100787478.47482,255.549302990597,34.2815056621229
1,2018-09-24 11:58:41,GOA,2007,10110,arrowtooth flounder,Atheresthes stomias,Male,4,132118581.776984,309.740529916509,42.0918157669048
1,2018-09-24 11:58:41,GOA,2007,10110,arrowtooth flounder,Atheresthes stomias,Male,5,86939745.2880952,345.403218064936,49.9396723436986
1,2018-09-24 11:58:41,GOA,2007,10110,arrowtooth flounder,Atheresthes stomias,Male,6,99534384.9849206,388.613626357345,42.0554240004751
1,2018-09-24 11:58:41,GOA,2007,10110,arrowtooth flounder,Atheresthes stomias,Male,7,97813765.5011905,410.735888094839,28.0539574486744
1,2018-09-24 11:58:41,GOA,2007,10110,arrowtooth flounder,Atheresthes stomias,Male,8,90340684.6702381,427.537183324274,26.2667927550673
1,2018-09-24 11:58:41,GOA,2007,10110,arrowtooth flounder,Atheresthes stomias,Male,9,37921324.4730159,428.495806750466,19.5829682606752
1,2018-09-24 11:58:41,GOA,2007,10110,arrowtooth flounder,Atheresthes stomias,Male,10,19081221.8888889,442.037600759984,4.02792635766354
1,2018-09-24 11:58:41,GOA,2007,10110,arrowtooth flounder,Atheresthes stomias,Male,11,16872332.1722222,445.518733364751,30.3411318667494
1,2018-09-24 11:58:41,GOA,2007,10110,arrowtooth flounder,Atheresthes stomias,Male,12,19400343.6888889,451.521348912735,12.1550378162069
1,2018-09-24 11:58:41,GOA,2007,10110,arrowtooth flounder,Atheresthes stomias,Male,13,15838963.2619048,453.487389296826,45.3119067747241
1,2018-09-24 11:58:41,GOA,2007,10110,arrowtooth flounder,Atheresthes stomias,Male,14,10185573.8555556,478.326858956762,27.5546892067142
1,2018-09-24 11:58:41,GOA,2007,10110,arrowtooth flounder,Atheresthes stomias,Male,15,14022802.5936508,461.063270445118,18.8099478486816
1,2018-09-24 11:58:41,GOA,2007,10110,arrowtooth flounder,Atheresthes stomias,Male,16,6431436.41666667,488.039127262356,16.4603235054168
1,2018-09-24 11:58:41,GOA,2007,10110,arrowtooth flounder,Atheresthes stomias,Male,17,3571461.05,488.003748913907,15.7395556122787
1,2018-09-24 11:58:41,GOA,2007,10110,arrowtooth flounder,Atheresthes stomias,Male,18,1334113.5,530,0
1,2018-09-24 11:58:41,GOA,2007,10110,arrowtooth flounder,Atheresthes stomias,Male,19,5085482.66666667,499.534293958856,16.1181042739996
1,2018-09-24 11:58:41,GOA,2007,10110,arrowtooth flounder,Atheresthes stomias,Male,20,4194249.58333333,502.921623742984,13.3557153480439
1,2018-09-24 11:58:41,GOA,2007,10110,arrowtooth flounder,Atheresthes stomias,Male,22,1215088.33333333,520,0
1,2018-09-24 11:58:41,GOA,2007,10110,arrowtooth flounder,Atheresthes stomias,Male,24,479136,550,0
1,2018-09-24 11:58:41,GOA,2007,10110,arrowtooth flounder,Atheresthes stomias,Unknown,-9,1813096,231.684913540155,154.369066536442
1,2018-09-24 11:58:41,GOA,2007,10110,arrowtooth flounder,Atheresthes stomias,Unknown,1,491788.173076923,125.215887781579,15.3420486330434
1,2018-09-24 11:58:41,GOA,2007,10110,arrowtooth flounder,Atheresthes stomias,Unknown,2,837628.38015873,168.337628445048,20.1675195407473
1,2018-09-24 11:58:41,GOA,2007,10110,arrowtooth flounder,Atheresthes stomias,Unknown,3,98821.795970696,193.089657301989,18.4088944157501
1,2018-09-24 11:58:41,GOA,2007,10110,arrowtooth flounder,Atheresthes stomias,Unknown,4,12377.3650793651,226.539433220395,51.8659880304132
1,2018-09-24 11:58:41,GOA,2007,10110,arrowtooth flounder,Atheresthes stomias,Unknown,5,6177.92857142857,443.44301719254,19.5757467021722
1,2018-09-24 11:58:41,GOA,2007,10110,arrowtooth flounder,Atheresthes stomias,Unknown,6,30044.242007992,483.724749993028,43.537736856612
1,2018-09-24 11:58:41,GOA,2007,10110,arrowtooth flounder,Atheresthes stomias,Unknown,7,30736.9987512488,469.348357312904,44.6103705327835
1,2018-09-24 11:58:41,GOA,2007,10110,arrowtooth flounder,Atheresthes stomias,Unknown,8,63741.8522977023,500.568473030981,25.842946919727
1,2018-09-24 11:58:41,GOA,2007,10110,arrowtooth flounder,Atheresthes stomias,Unknown,9,30737.5483516484,490.963431667801,32.9401607041483
1,2018-09-24 11:58:41,GOA,2007,10110,arrowtooth flounder,Atheresthes stomias,Unknown,10,35583.9370629371,526.252414441508,36.7110135786885
1,2018-09-24 11:58:41,GOA,2007,10110,arrowtooth flounder,Atheresthes stomias,Unknown,11,39975.3816849817,550.612549800797,42.9764161953773
1,2018-09-24 11:58:41,GOA,2007,10110,arrowtooth flounder,Atheresthes stomias,Unknown,12,16498.7115384615,508.060524539795,68.8783588141928
1,2018-09-24 11:58:41,GOA,2007,10110,arrowtooth flounder,Atheresthes stomias,Unknown,13,26063.674025974,564.955689186557,65.147210403546
1,2018-09-24 11:58:41,GOA,2007,10110,arrowtooth flounder,Atheresthes stomias,Unknown,14,15075.7794871795,566.19567487602,86.9215527184649
1,2018-09-24 11:58:41,GOA,2007,10110,arrowtooth flounder,Atheresthes stomias,Unknown,15,4284.56043956044,477.818181818182,10.7349741229992
1,2018-09-24 11:58:41,GOA,2007,10110,arrowtooth flounder,Atheresthes stomias,Unknown,16,15674.5666666667,573.280689160086,58.5436268598027
1,2018-09-24 11:58:41,GOA,2007,10110,arrowtooth flounder,Atheresthes stomias,Unknown,17,20218.7974358974,622.271501348517,68.3400118012811
1,2018-09-24 11:58:41,GOA,2007,10110,arrowtooth flounder,Atheresthes stomias,Unknown,18,2993.13333333333,587.894736842105,54.9237698871347
1,2018-09-24 11:58:41,GOA,2007,10110,arrowtooth flounder,Atheresthes stomias,Unknown,19,11499.0677655678,569.115543846443,50.0508643353421
1,2018-09-24 11:58:41,GOA,2007,10110,arrowtooth flounder,Atheresthes stomias,Unknown,20,14259.0608391608,556.152278489884,71.6848963122176
1,2018-09-24 11:58:41,GOA,2007,10110,arrowtooth flounder,Atheresthes stomias,Unknown,22,7733.54545454546,520,0
1,2018-09-24 11:58:41,GOA,2007,10110,arrowtooth flounder,Atheresthes stomias,Unknown,24,1181.5,550,0
1,2018-09-24 11:58:41,GOA,2009,10110,arrowtooth flounder,Atheresthes stomias,Female,-9,280867,662.602584141248,297.306818835719
1,2018-09-24 11:58:41,GOA,2009,10110,arrowtooth flounder,Atheresthes stomias,Female,1,1944866.5,126.726983574451,15.4092442288287
1,2018-09-24 11:58:41,GOA,2009,10110,arrowtooth flounder,Atheresthes stomias,Female,2,144624805.823232,206.202717888859,21.1768640860393
1,2018-09-24 11:58:41,GOA,2009,10110,arrowtooth flounder,Atheresthes stomias,Female,3,123547830.041811,268.297941152082,36.2235422565618
1,2018-09-24 11:58:41,GOA,2009,10110,arrowtooth flounder,Atheresthes stomias,Female,4,241691109.565873,318.999673641804,34.2295183626147
1,2018-09-24 11:58:41,GOA,2009,10110,arrowtooth flounder,Atheresthes stomias,Female,5,225304260.388528,360.305233493185,43.7914421399143
1,2018-09-24 11:58:41,GOA,2009,10110,arrowtooth flounder,Atheresthes stomias,Female,6,171814838.12803,405.571580490299,51.9939650456128
1,2018-09-24 11:58:41,GOA,2009,10110,arrowtooth flounder,Atheresthes stomias,Female,7,171127897.32298,471.832278018037,54.3127344888359
1,2018-09-24 11:58:41,GOA,2009,10110,arrowtooth flounder,Atheresthes stomias,Female,8,122343838.258586,498.440643110712,46.0373862036392
1,2018-09-24 11:58:41,GOA,2009,10110,arrowtooth flounder,Atheresthes stomias,Female,9,114063952.375758,510.912834965288,42.9896262365111
1,2018-09-24 11:58:41,GOA,2009,10110,arrowtooth flounder,Atheresthes stomias,Female,10,165287777.536616,523.538563699965,36.2888510097388
1,2018-09-24 11:58:41,GOA,2009,10110,arrowtooth flounder,Atheresthes stomias,Female,11,59701231.1252525,526.46036608007,37.8630038847136
1,2018-09-24 11:58:41,GOA,2009,10110,arrowtooth flounder,Atheresthes stomias,Female,12,46266714.372619,560.435487236913,50.2117677861979
1,2018-09-24 11:58:41,GOA,2009,10110,arrowtooth flounder,Atheresthes stomias,Female,13,21878943.918254,586.320100517031,38.503236422078
1,2018-09-24 11:58:41,GOA,2009,10110,arrowtooth flounder,Atheresthes stomias,Female,14,25603092.9579365,580.126187030417,51.540821497126
1,2018-09-24 11:58:41,GOA,2009,10110,arrowtooth flounder,Atheresthes stomias,Female,15,13538600.3869048,598.290965762043,45.3307667945747
1,2018-09-24 11:58:41,GOA,2009,10110,arrowtooth flounder,Atheresthes stomias,Female,16,21169911.4980159,575.056251785818,60.0846793819259
1,2018-09-24 11:58:41,GOA,2009,10110,arrowtooth flounder,Atheresthes stomias,Female,17,14947150.459127,606.858343952624,41.4338422112675
1,2018-09-24 11:58:41,GOA,2009,10110,arrowtooth flounder,Atheresthes stomias,Female,18,7951524.9,601.039936136443,43.6768390941979
1,2018-09-24 11:58:41,GOA,2009,10110,arrowtooth flounder,Atheresthes stomias,Female,19,5603003.79246032,646.815342288696,55.2364447288143
1,2018-09-24 11:58:41,GOA,2009,10110,arrowtooth flounder,Atheresthes stomias,Female,20,3304587.47301587,675.267167953708,61.257771939211
1,2018-09-24 11:58:41,GOA,2009,10110,arrowtooth flounder,Atheresthes stomias,Female,21,1408289.7,706.877532371358,41.0861315300744
1,2018-09-24 11:58:41,GOA,2009,10110,arrowtooth flounder,Atheresthes stomias,Female,22,2914381.33333333,671.393750348845,54.0552192766475
1,2018-09-24 11:58:41,GOA,2009,10110,arrowtooth flounder,Atheresthes stomias,Female,23,6875430.21111111,598.040151585246,70.5985080971783
1,2018-09-24 11:58:41,GOA,2009,10110,arrowtooth flounder,Atheresthes stomias,Female,25,930680.263888889,671.745606211968,15.2373332656876
1,2018-09-24 11:58:41,GOA,2009,10110,arrowtooth flounder,Atheresthes stomias,Female,27,205980,840,0
1,2018-09-24 11:58:41,GOA,2009,10110,arrowtooth flounder,Atheresthes stomias,Female,29,89160.6666666667,780,0.000013081976997
1,2018-09-24 11:58:41,GOA,2009,10110,arrowtooth flounder,Atheresthes stomias,Male,-9,1404600,527.181617542361,151.133813210313
1,2018-09-24 11:58:41,GOA,2009,10110,arrowtooth flounder,Atheresthes stomias,Male,1,4351482.44444444,147.50742850291,21.9634794807957
1,2018-09-24 11:58:41,GOA,2009,10110,arrowtooth flounder,Atheresthes stomias,Male,2,98251181.1865079,200.342690185596,18.1009272379437
1,2018-09-24 11:58:41,GOA,2009,10110,arrowtooth flounder,Atheresthes stomias,Male,3,82809503.7400794,258.864018726748,23.5271096152747
1,2018-09-24 11:58:41,GOA,2009,10110,arrowtooth flounder,Atheresthes stomias,Male,4,148085820.730664,309.244721463118,31.6381482459349
1,2018-09-24 11:58:41,GOA,2009,10110,arrowtooth flounder,Atheresthes stomias,Male,5,110915173.450577,353.643267119297,40.3725417685515
1,2018-09-24 11:58:41,GOA,2009,10110,arrowtooth flounder,Atheresthes stomias,Male,6,96825227.5558081,390.001017006584,37.8943635073467
1,2018-09-24 11:58:41,GOA,2009,10110,arrowtooth flounder,Atheresthes stomias,Male,7,83523574.4545455,406.628900205806,29.44630906866
1,2018-09-24 11:58:41,GOA,2009,10110,arrowtooth flounder,Atheresthes stomias,Male,8,31137777.7742424,425.555924254517,31.1906583917823
1,2018-09-24 11:58:41,GOA,2009,10110,arrowtooth flounder,Atheresthes stomias,Male,9,28865288.1,454.576973371695,27.7339671312579
1,2018-09-24 11:58:41,GOA,2009,10110,arrowtooth flounder,Atheresthes stomias,Male,10,30545931.0714646,443.060335059492,29.7857324886564
1,2018-09-24 11:58:41,GOA,2009,10110,arrowtooth flounder,Atheresthes stomias,Male,11,20738794.875,457.458982534056,27.4370585789212
1,2018-09-24 11:58:41,GOA,2009,10110,arrowtooth flounder,Atheresthes stomias,Male,12,14376849.7055556,466.695569364354,34.9221746196051
1,2018-09-24 11:58:41,GOA,2009,10110,arrowtooth flounder,Atheresthes stomias,Male,13,11068527.5277778,462.526840673736,20.1875547728041
1,2018-09-24 11:58:41,GOA,2009,10110,arrowtooth flounder,Atheresthes stomias,Male,14,3176456.33333333,502.651914308282,4.4143508678337
1,2018-09-24 11:58:41,GOA,2009,10110,arrowtooth flounder,Atheresthes stomias,Male,15,7568411.58333333,493.141379214324,13.7623686658466
1,2018-09-24 11:58:41,GOA,2009,10110,arrowtooth flounder,Atheresthes stomias,Male,19,1576984,530,0
1,2018-09-24 11:58:41,GOA,2009,10110,arrowtooth flounder,Atheresthes stomias,Male,20,4648361.8,477.248738684669,15.4079633588681
1,2018-09-24 11:58:41,GOA,2009,10110,arrowtooth flounder,Atheresthes stomias,Male,21,4822276.66666667,497.882912842689,15.3362627378319
1,2018-09-24 11:58:41,GOA,2009,10110,arrowtooth flounder,Atheresthes stomias,Male,22,526863,540,0
1,2018-09-24 11:58:41,GOA,2009,10110,arrowtooth flounder,Atheresthes stomias,Male,32,503995,560,0
1,2018-09-24 11:58:41,GOA,2009,10110,arrowtooth flounder,Atheresthes stomias,Unknown,-9,398207,80,0
1,2018-09-24 11:58:41,GOA,2009,10110,arrowtooth flounder,Atheresthes stomias,Unknown,1,1763752.16666667,103.461794944169,10.2122573894671
1,2018-09-24 11:58:41,GOA,2009,10110,arrowtooth flounder,Atheresthes stomias,Unknown,2,332247.38503612,189.901028485662,19.2531645232408
1,2018-09-24 11:58:41,GOA,2009,10110,arrowtooth flounder,Atheresthes stomias,Unknown,3,31752.4482972136,201.271877058055,15.9421577750162
1,2018-09-24 11:58:41,GOA,2011,10110,arrowtooth flounder,Atheresthes stomias,Female,-9,712948,187.888752054848,306.204815588128
1,2018-09-24 11:58:41,GOA,2011,10110,arrowtooth flounder,Atheresthes stomias,Female,1,2481767.96190476,153.131790310959,16.7104836994153
1,2018-09-24 11:58:41,GOA,2011,10110,arrowtooth flounder,Atheresthes stomias,Female,2,48018264.2678571,222.733434885739,22.3110289307772
1,2018-09-24 11:58:41,GOA,2011,10110,arrowtooth flounder,Atheresthes stomias,Female,3,82841727.0396825,266.800111151178,31.908674394615
1,2018-09-24 11:58:41,GOA,2011,10110,arrowtooth flounder,Atheresthes stomias,Female,4,155746313.870238,328.622334703259,41.2592927414345
1,2018-09-24 11:58:41,GOA,2011,10110,arrowtooth flounder,Atheresthes stomias,Female,5,123753262.757937,370.725210765138,41.0581415368049
1,2018-09-24 11:58:41,GOA,2011,10110,arrowtooth flounder,Atheresthes stomias,Female,6,161878605.25,411.906639158166,50.5645399415757
1,2018-09-24 11:58:41,GOA,2011,10110,arrowtooth flounder,Atheresthes stomias,Female,7,145942635.239646,447.835090094939,38.1949332467767
1,2018-09-24 11:58:41,GOA,2011,10110,arrowtooth flounder,Atheresthes stomias,Female,8,152023314.461472,469.763531125376,52.1980474083298
1,2018-09-24 11:58:41,GOA,2011,10110,arrowtooth flounder,Atheresthes stomias,Female,9,158219513.457071,508.711113340824,30.508325093916
1,2018-09-24 11:58:41,GOA,2011,10110,arrowtooth flounder,Atheresthes stomias,Female,10,91308791.1044733,535.341746448955,37.0528501005447
1,2018-09-24 11:58:41,GOA,2011,10110,arrowtooth flounder,Atheresthes stomias,Female,11,97413268.9719697,538.436296907223,49.1991788785551
1,2018-09-24 11:58:41,GOA,2011,10110,arrowtooth flounder,Atheresthes stomias,Female,12,93420730.576948,556.471155605336,36.953413122082
1,2018-09-24 11:58:41,GOA,2011,10110,arrowtooth flounder,Atheresthes stomias,Female,13,21202003.0944444,576.16958066867,44.1982705979388
1,2018-09-24 11:58:41,GOA,2011,10110,arrowtooth flounder,Atheresthes stomias,Female,14,44991956.7412338,577.025923339327,43.7627425590234
1,2018-09-24 11:58:41,GOA,2011,10110,arrowtooth flounder,Atheresthes stomias,Female,15,12281720.55,594.423165089148,56.8238542245343
1,2018-09-24 11:58:41,GOA,2011,10110,arrowtooth flounder,Atheresthes stomias,Female,16,12031719.1607143,639.033065629091,49.872801793528
1,2018-09-24 11:58:41,GOA,2011,10110,arrowtooth flounder,Atheresthes stomias,Female,17,10219262.5500361,627.025768063549,45.7896332054414
1,2018-09-24 11:58:41,GOA,2011,10110,arrowtooth flounder,Atheresthes stomias,Female,18,8705270.67243867,624.643002020575,51.402860372407
1,2018-09-24 11:58:41,GOA,2011,10110,arrowtooth flounder,Atheresthes stomias,Female,19,11697150.9719336,622.513583052587,45.0419888387941
1,2018-09-24 11:58:41,GOA,2011,10110,arrowtooth flounder,Atheresthes stomias,Female,20,5619613.92142857,665.515006873797,56.213050941651
1,2018-09-24 11:58:41,GOA,2011,10110,arrowtooth flounder,Atheresthes stomias,Female,21,5375763.82142857,614.92736371078,41.4926811101858
1,2018-09-24 11:58:41,GOA,2011,10110,arrowtooth flounder,Atheresthes stomias,Female,22,1076704.1,714.92252235317,24.4223216461298
1,2018-09-24 11:58:41,GOA,2011,10110,arrowtooth flounder,Atheresthes stomias,Female,23,302771,715.349884896506,38.1165104945304
1,2018-09-24 11:58:41,GOA,2011,10110,arrowtooth flounder,Atheresthes stomias,Female,24,372052.707142857,753.778651254462,16.9648776405644
1,2018-09-24 11:58:41,GOA,2011,10110,arrowtooth flounder,Atheresthes stomias,Female,25,159263.75,823.131456467652,22.6624634801229
1,2018-09-24 11:58:41,GOA,2011,10110,arrowtooth flounder,Atheresthes stomias,Female,26,18033.5,830,0
1,2018-09-24 11:58:41,GOA,2011,10110,arrowtooth flounder,Atheresthes stomias,Female,28,235845.5,800,0
1,2018-09-24 11:58:41,GOA,2011,10110,arrowtooth flounder,Atheresthes stomias,Male,-9,418186,521.686665742038,195.91730007392
1,2018-09-24 11:58:41,GOA,2011,10110,arrowtooth flounder,Atheresthes stomias,Male,1,2248486.22857143,156.458504564938,22.3204973007355
1,2018-09-24 11:58:41,GOA,2011,10110,arrowtooth flounder,Atheresthes stomias,Male,2,30189671.5964286,215.045473858659,22.397821654027
1,2018-09-24 11:58:41,GOA,2011,10110,arrowtooth flounder,Atheresthes stomias,Male,3,77814661.4714286,259.316444329928,32.7935999792763
1,2018-09-24 11:58:41,GOA,2011,10110,arrowtooth flounder,Atheresthes stomias,Male,4,100682766.66039,312.055325668263,34.9082922846828
1,2018-09-24 11:58:41,GOA,2011,10110,arrowtooth flounder,Atheresthes stomias,Male,5,70430335.3290404,350.298005462683,37.1847688881793
1,2018-09-24 11:58:41,GOA,2011,10110,arrowtooth flounder,Atheresthes stomias,Male,6,112929230.988889,387.310525108307,35.7567300424384
1,2018-09-24 11:58:41,GOA,2011,10110,arrowtooth flounder,Atheresthes stomias,Male,7,120502787.903535,413.078012009694,31.6758210680915
1,2018-09-24 11:58:41,GOA,2011,10110,arrowtooth flounder,Atheresthes stomias,Male,8,69384023.6292929,432.734273915028,24.21097081283
1,2018-09-24 11:58:41,GOA,2011,10110,arrowtooth flounder,Atheresthes stomias,Male,9,28288281.170202,447.409789292892,26.6391421142214
1,2018-09-24 11:58:41,GOA,2011,10110,arrowtooth flounder,Atheresthes stomias,Male,10,15236524.7555556,455.123429844998,19.4383163288929
1,2018-09-24 11:58:41,GOA,2011,10110,arrowtooth flounder,Atheresthes stomias,Male,11,8095538.47777778,453.513299972471,27.4184732494283
1,2018-09-24 11:58:41,GOA,2011,10110,arrowtooth flounder,Atheresthes stomias,Male,12,18557696.6333333,476.833316862479,15.4163276008554
1,2018-09-24 11:58:41,GOA,2011,10110,arrowtooth flounder,Atheresthes stomias,Male,13,14721665.6222222,468.715881844064,18.6786722505561
1,2018-09-24 11:58:41,GOA,2011,10110,arrowtooth flounder,Atheresthes stomias,Male,14,21505282.0222222,465.966548031248,15.9763025682465
1,2018-09-24 11:58:41,GOA,2011,10110,arrowtooth flounder,Atheresthes stomias,Male,15,4084683.33333333,486.5040031663,9.09657010218643
1,2018-09-24 11:58:41,GOA,2011,10110,arrowtooth flounder,Atheresthes stomias,Male,16,5733867.42222222,478.609736951869,23.1737456582819
1,2018-09-24 11:58:41,GOA,2011,10110,arrowtooth flounder,Atheresthes stomias,Male,17,4805656.97777778,486.261166053355,18.3290534222942
1,2018-09-24 11:58:41,GOA,2011,10110,arrowtooth flounder,Atheresthes stomias,Male,18,282630.25,530,0
1,2018-09-24 11:58:41,GOA,2011,10110,arrowtooth flounder,Atheresthes stomias,Male,19,1403673.66666667,500,0
1,2018-09-24 11:58:41,GOA,2011,10110,arrowtooth flounder,Atheresthes stomias,Male,20,2807347.33333333,500,0
1,2018-09-24 11:58:41,GOA,2011,10110,arrowtooth flounder,Atheresthes stomias,Male,21,812482.027777778,521.436739130606,11.9470125968598
1,2018-09-24 11:58:41,GOA,2011,10110,arrowtooth flounder,Atheresthes stomias,Male,22,514977.75,536.667802638075,8.08322644394185
1,2018-09-24 11:58:41,GOA,2011,10110,arrowtooth flounder,Atheresthes stomias,Male,23,946283.75,522.9867389142,4.57676521140812
1,2018-09-24 11:58:41,GOA,2011,10110,arrowtooth flounder,Atheresthes stomias,Male,24,121318,540,0
1,2018-09-24 11:58:41,GOA,2011,10110,arrowtooth flounder,Atheresthes stomias,Male,25,121318,540,0
1,2018-09-24 11:58:41,GOA,2011,10110,arrowtooth flounder,Atheresthes stomias,Male,26,121318,540,0
1,2018-09-24 11:58:41,GOA,2011,10110,arrowtooth flounder,Atheresthes stomias,Unknown,-9,112323,86.6666666666667,4.71404520791017
1,2018-09-24 11:58:41,GOA,2011,10110,arrowtooth flounder,Atheresthes stomias,Unknown,1,663503.083333333,135.629215237256,14.2564005307706
1,2018-09-24 11:58:41,GOA,2011,10110,arrowtooth flounder,Atheresthes stomias,Unknown,2,1692543.32691778,216.276616430607,28.6969041197426
1,2018-09-24 11:58:41,GOA,2011,10110,arrowtooth flounder,Atheresthes stomias,Unknown,3,3332211.65902993,255.223116580789,25.0383077987723
1,2018-09-24 11:58:41,GOA,2011,10110,arrowtooth flounder,Atheresthes stomias,Unknown,4,1484113.85435157,268.028453527874,23.5397512752078
1,2018-09-24 11:58:41,GOA,2011,10110,arrowtooth flounder,Atheresthes stomias,Unknown,5,318989.547987616,275.288541858271,22.6221935841591
1,2018-09-24 11:58:41,GOA,2011,10110,arrowtooth flounder,Atheresthes stomias,Unknown,6,130077.083935329,288.964137094196,9.35243319694648
1,2018-09-24 11:58:41,GOA,2011,10110,arrowtooth flounder,Atheresthes stomias,Unknown,7,3059.44444444444,310,0
1,2018-09-24 11:58:41,GOA,2013,10110,arrowtooth flounder,Atheresthes stomias,Female,-9,371138,466.133405902926,390.56717272391
1,2018-09-24 11:58:41,GOA,2013,10110,arrowtooth flounder,Atheresthes stomias,Female,1,9215558.88095238,143.578652477303,16.1713801125454
1,2018-09-24 11:58:41,GOA,2013,10110,arrowtooth flounder,Atheresthes stomias,Female,2,102161644.02619,226.786823609154,20.8870159661994
1,2018-09-24 11:58:41,GOA,2013,10110,arrowtooth flounder,Atheresthes stomias,Female,3,141003124.605952,283.434800641044,30.1178763601373
1,2018-09-24 11:58:41,GOA,2013,10110,arrowtooth flounder,Atheresthes stomias,Female,4,80194348.4511905,344.516992129615,34.3340874808712
1,2018-09-24 11:58:41,GOA,2013,10110,arrowtooth flounder,Atheresthes stomias,Female,5,99163175.0857143,386.740624775756,34.8190805509371
1,2018-09-24 11:58:41,GOA,2013,10110,arrowtooth flounder,Atheresthes stomias,Female,6,102955365.127778,431.589352035302,32.1129737332832
1,2018-09-24 11:58:41,GOA,2013,10110,arrowtooth flounder,Atheresthes stomias,Female,7,111525780.827778,462.766438781529,29.0037481361739
1,2018-09-24 11:58:41,GOA,2013,10110,arrowtooth flounder,Atheresthes stomias,Female,8,116232025.327778,497.399859680736,29.775303720432
1,2018-09-24 11:58:41,GOA,2013,10110,arrowtooth flounder,Atheresthes stomias,Female,9,104846083.380556,509.485771707647,38.6136621170993
1,2018-09-24 11:58:41,GOA,2013,10110,arrowtooth flounder,Atheresthes stomias,Female,10,43661086.4888889,538.423526791331,36.4703495147237
1,2018-09-24 11:58:41,GOA,2013,10110,arrowtooth flounder,Atheresthes stomias,Female,11,29184321.3611111,555.955475090145,37.3155834055551
1,2018-09-24 11:58:41,GOA,2013,10110,arrowtooth flounder,Atheresthes stomias,Female,12,50016472.7861111,543.431904376132,43.0780239552153
1,2018-09-24 11:58:41,GOA,2013,10110,arrowtooth flounder,Atheresthes stomias,Female,13,18716862.0777778,565.068995925538,51.271946837495
1,2018-09-24 11:58:41,GOA,2013,10110,arrowtooth flounder,Atheresthes stomias,Female,14,34880966.2111111,554.431496249528,31.0792097414184
1,2018-09-24 11:58:41,GOA,2013,10110,arrowtooth flounder,Atheresthes stomias,Female,15,19944226.9833333,568.698522973895,31.2279828179385
1,2018-09-24 11:58:41,GOA,2013,10110,arrowtooth flounder,Atheresthes stomias,Female,16,5371655.07777778,567.338272300792,72.4184918823655
1,2018-09-24 11:58:41,GOA,2013,10110,arrowtooth flounder,Atheresthes stomias,Female,17,4087914.01666667,617.619959358163,40.0423858998902
1,2018-09-24 11:58:41,GOA,2013,10110,arrowtooth flounder,Atheresthes stomias,Female,18,1918794.68333333,635.962402734404,42.0136356771694
1,2018-09-24 11:58:41,GOA,2013,10110,arrowtooth flounder,Atheresthes stomias,Female,19,992743.8,662.970395785902,39.1061580552504
1,2018-09-24 11:58:41,GOA,2013,10110,arrowtooth flounder,Atheresthes stomias,Female,20,202928.5,734.96608411337,4.99988496993433
1,2018-09-24 11:58:41,GOA,2013,10110,arrowtooth flounder,Atheresthes stomias,Female,21,539782.1,701.896520836834,45.5935204996189
1,2018-09-24 11:58:41,GOA,2013,10110,arrowtooth flounder,Atheresthes stomias,Female,22,545446.2,744.722001913296,37.2027955716652
1,2018-09-24 11:58:41,GOA,2013,10110,arrowtooth flounder,Atheresthes stomias,Female,23,87861,780,0
1,2018-09-24 11:58:41,GOA,2013,10110,arrowtooth flounder,Atheresthes stomias,Female,25,533831,761.380961390403,25.8290730603782
1,2018-09-24 11:58:41,GOA,2013,10110,arrowtooth flounder,Atheresthes stomias,Male,-9,2096034,523.89358187892,93.311808828256
1,2018-09-24 11:58:41,GOA,2013,10110,arrowtooth flounder,Atheresthes stomias,Male,1,3550865,143.936398595835,18.0281905829411
1,2018-09-24 11:58:41,GOA,2013,10110,arrowtooth flounder,Atheresthes stomias,Male,2,66404244.3896825,222.062122083732,21.0560197496233
1,2018-09-24 11:58:41,GOA,2013,10110,arrowtooth flounder,Atheresthes stomias,Male,3,101682711.274206,278.026028915809,28.9824835480275
1,2018-09-24 11:58:41,GOA,2013,10110,arrowtooth flounder,Atheresthes stomias,Male,4,56240876.6305556,330.910470381766,29.7999351451438
1,2018-09-24 11:58:41,GOA,2013,10110,arrowtooth flounder,Atheresthes stomias,Male,5,73471234.55,367.67405634453,32.5084005720624
1,2018-09-24 11:58:41,GOA,2013,10110,arrowtooth flounder,Atheresthes stomias,Male,6,55353906.8916667,394.07631042943,27.7605780712516
1,2018-09-24 11:58:41,GOA,2013,10110,arrowtooth flounder,Atheresthes stomias,Male,7,56793858.2777778,427.761216569105,24.203718501204
1,2018-09-24 11:58:41,GOA,2013,10110,arrowtooth flounder,Atheresthes stomias,Male,8,113461467.627778,434.000909043219,23.4580807986205
1,2018-09-24 11:58:41,GOA,2013,10110,arrowtooth flounder,Atheresthes stomias,Male,9,29103782.1003968,444.000506330282,33.066594041591
1,2018-09-24 11:58:41,GOA,2013,10110,arrowtooth flounder,Atheresthes stomias,Male,10,14438690.3861111,457.663684300605,17.2024601169732
1,2018-09-24 11:58:41,GOA,2013,10110,arrowtooth flounder,Atheresthes stomias,Male,11,27083468.275,468.174059965368,17.9588452169487
1,2018-09-24 11:58:41,GOA,2013,10110,arrowtooth flounder,Atheresthes stomias,Male,12,8172303.73928571,475.569517607701,16.7335389010248
1,2018-09-24 11:58:41,GOA,2013,10110,arrowtooth flounder,Atheresthes stomias,Male,13,12389510.3809524,483.12758101306,20.687189904609
1,2018-09-24 11:58:41,GOA,2013,10110,arrowtooth flounder,Atheresthes stomias,Male,14,5809419.19444444,465.572172875132,24.7416199045428
1,2018-09-24 11:58:41,GOA,2013,10110,arrowtooth flounder,Atheresthes stomias,Male,15,3831308.11428571,472.583961998388,21.6988939889211
1,2018-09-24 11:58:41,GOA,2013,10110,arrowtooth flounder,Atheresthes stomias,Male,16,1729707.6,504.129178827682,8.09527385347003
1,2018-09-24 11:58:41,GOA,2013,10110,arrowtooth flounder,Atheresthes stomias,Male,17,5305256.33928571,483.983539875741,15.1504452200022
1,2018-09-24 11:58:41,GOA,2013,10110,arrowtooth flounder,Atheresthes stomias,Male,19,714227.2,520,0
1,2018-09-24 11:58:41,GOA,2013,10110,arrowtooth flounder,Atheresthes stomias,Male,20,174851,560,0
1,2018-09-24 11:58:41,GOA,2013,10110,arrowtooth flounder,Atheresthes stomias,Male,21,357113.6,520,0
1,2018-09-24 11:58:41,GOA,2013,10110,arrowtooth flounder,Atheresthes stomias,Male,22,1928521.42857143,510,0
1,2018-09-24 11:58:41,GOA,2013,10110,arrowtooth flounder,Atheresthes stomias,Unknown,-9,1871297,119.622935322399,14.6717515797529
1,2018-09-24 11:58:41,GOA,2013,10110,arrowtooth flounder,Atheresthes stomias,Unknown,1,1850631.96103896,119.117183564272,13.9159910679391
1,2018-09-24 11:58:41,GOA,2013,10110,arrowtooth flounder,Atheresthes stomias,Unknown,2,20665.038961039,164.914907416252,8.70882799747868
1,2018-09-24 11:58:41,GOA,2015,10110,arrowtooth flounder,Atheresthes stomias,Female,-9,798992,542.438322286081,338.819312420357
1,2018-09-24 11:58:41,GOA,2015,10110,arrowtooth flounder,Atheresthes stomias,Female,1,9347861,169.003554930909,19.2201269224879
1,2018-09-24 11:58:41,GOA,2015,10110,arrowtooth flounder,Atheresthes stomias,Female,2,121781820.378175,240.239870735376,27.891917046512
1,2018-09-24 11:58:41,GOA,2015,10110,arrowtooth flounder,Atheresthes stomias,Female,3,315790261.099603,286.891596289363,32.1189910127312
1,2018-09-24 11:58:41,GOA,2015,10110,arrowtooth flounder,Atheresthes stomias,Female,4,242815655.1,331.778053562557,39.8506992425827
1,2018-09-24 11:58:41,GOA,2015,10110,arrowtooth flounder,Atheresthes stomias,Female,5,168122729.710714,397.964398564942,44.9008804817858
1,2018-09-24 11:58:41,GOA,2015,10110,arrowtooth flounder,Atheresthes stomias,Female,6,116916538.292063,424.035484096172,57.8332725647637
1,2018-09-24 11:58:41,GOA,2015,10110,arrowtooth flounder,Atheresthes stomias,Female,7,123662507.940729,492.920145264902,34.6544894457721
1,2018-09-24 11:58:41,GOA,2015,10110,arrowtooth flounder,Atheresthes stomias,Female,8,108387873.244625,489.828070134355,36.5228800889264
1,2018-09-24 11:58:41,GOA,2015,10110,arrowtooth flounder,Atheresthes stomias,Female,9,107946564.990152,515.774969842363,31.1946473185621
1,2018-09-24 11:58:41,GOA,2015,10110,arrowtooth flounder,Atheresthes stomias,Female,10,109884439.066667,531.021393334852,40.5884263843252
1,2018-09-24 11:58:41,GOA,2015,10110,arrowtooth flounder,Atheresthes stomias,Female,11,37361015.475,554.750990537684,43.2648520062364
1,2018-09-24 11:58:41,GOA,2015,10110,arrowtooth flounder,Atheresthes stomias,Female,12,32776069.8845238,579.077532382203,26.0636727841103
1,2018-09-24 11:58:41,GOA,2015,10110,arrowtooth flounder,Atheresthes stomias,Female,13,33248225.2357143,550.644438300749,47.9874490560135
1,2018-09-24 11:58:41,GOA,2015,10110,arrowtooth flounder,Atheresthes stomias,Female,14,23821232.4106061,555.229542994606,40.2406864735413
1,2018-09-24 11:58:41,GOA,2015,10110,arrowtooth flounder,Atheresthes stomias,Female,15,18102624.4714286,584.924301864034,33.9478948297881
1,2018-09-24 11:58:41,GOA,2015,10110,arrowtooth flounder,Atheresthes stomias,Female,16,13600000.0928571,591.786360919176,33.9045653144671
1,2018-09-24 11:58:41,GOA,2015,10110,arrowtooth flounder,Atheresthes stomias,Female,17,11988729.3071429,587.247256276153,48.2353929092616
1,2018-09-24 11:58:41,GOA,2015,10110,arrowtooth flounder,Atheresthes stomias,Female,18,1264267,686.562814658612,44.0011031258795
1,2018-09-24 11:58:41,GOA,2015,10110,arrowtooth flounder,Atheresthes stomias,Female,19,46071,750,0
1,2018-09-24 11:58:41,GOA,2015,10110,arrowtooth flounder,Atheresthes stomias,Female,20,887790.8,630,0
1,2018-09-24 11:58:41,GOA,2015,10110,arrowtooth flounder,Atheresthes stomias,Female,22,87682,780,0
1,2018-09-24 11:58:41,GOA,2015,10110,arrowtooth flounder,Atheresthes stomias,Female,24,223061.5,720,0
1,2018-09-24 11:58:41,GOA,2015,10110,arrowtooth flounder,Atheresthes stomias,Male,-9,2164519,480.01570325786,184.151830103517
1,2018-09-24 11:58:41,GOA,2015,10110,arrowtooth flounder,Atheresthes stomias,Male,1,3891010.5,161.118173543865,15.2313811636402
1,2018-09-24 11:58:41,GOA,2015,10110,arrowtooth flounder,Atheresthes stomias,Male,2,101900973.446032,232.581837850892,23.5632929056833
1,2018-09-24 11:58:41,GOA,2015,10110,arrowtooth flounder,Atheresthes stomias,Male,3,190973503.937302,283.425449614888,24.5836975441701
1,2018-09-24 11:58:41,GOA,2015,10110,arrowtooth flounder,Atheresthes stomias,Male,4,108320752.00119,335.852838959222,28.6318849997594
1,2018-09-24 11:58:41,GOA,2015,10110,arrowtooth flounder,Atheresthes stomias,Male,5,155394278.811905,360.427662822449,37.3843913675106
1,2018-09-24 11:58:41,GOA,2015,10110,arrowtooth flounder,Atheresthes stomias,Male,6,76534317.502381,428.315308895556,17.8994781067583
1,2018-09-24 11:58:41,GOA,2015,10110,arrowtooth flounder,Atheresthes stomias,Male,7,42750111.2202381,427.066410738529,28.9472237428899
1,2018-09-24 11:58:41,GOA,2015,10110,arrowtooth flounder,Atheresthes stomias,Male,8,44785604.0738095,438.829428292153,22.5014585631249
1,2018-09-24 11:58:41,GOA,2015,10110,arrowtooth flounder,Atheresthes stomias,Male,9,61941819.1714286,453.333292709959,21.3868222376562
1,2018-09-24 11:58:41,GOA,2015,10110,arrowtooth flounder,Atheresthes stomias,Male,10,28085739.302381,466.921063945437,20.6305640562548
1,2018-09-24 11:58:41,GOA,2015,10110,arrowtooth flounder,Atheresthes stomias,Male,11,34277643.4714286,454.312090331507,29.350116524831
1,2018-09-24 11:58:41,GOA,2015,10110,arrowtooth flounder,Atheresthes stomias,Male,12,28006737.5857143,479.557462446137,18.3754278367668
1,2018-09-24 11:58:41,GOA,2015,10110,arrowtooth flounder,Atheresthes stomias,Male,13,9280296.46666667,457.750844339046,23.6641492379402
1,2018-09-24 11:58:41,GOA,2015,10110,arrowtooth flounder,Atheresthes stomias,Male,14,9627505.54285714,457.932565496405,49.9572388605829
1,2018-09-24 11:58:41,GOA,2015,10110,arrowtooth flounder,Atheresthes stomias,Male,15,12967743.7,490.226275259545,17.3545193291169
1,2018-09-24 11:58:41,GOA,2015,10110,arrowtooth flounder,Atheresthes stomias,Male,16,4098617.5,500,0
1,2018-09-24 11:58:41,GOA,2015,10110,arrowtooth flounder,Atheresthes stomias,Male,17,5010411.1,503.639595960499,7.71655755206299
1,2018-09-24 11:58:41,GOA,2015,10110,arrowtooth flounder,Atheresthes stomias,Male,19,899126.666666667,530,0
1,2018-09-24 11:58:41,GOA,2015,10110,arrowtooth flounder,Atheresthes stomias,Unknown,-9,57810,105.160352880125,8.56567324572853
1,2018-09-24 11:58:41,GOA,2015,10110,arrowtooth flounder,Atheresthes stomias,Unknown,1,1273973.25,139.037103016096,10.3187982020783
1,2018-09-24 11:58:41,GOA,2015,10110,arrowtooth flounder,Atheresthes stomias,Unknown,2,669398.766362314,229.165428625093,24.5383122247972
1,2018-09-24 11:58:41,GOA,2015,10110,arrowtooth flounder,Atheresthes stomias,Unknown,3,570035.428935036,266.24094364415,26.102667515783
1,2018-09-24 11:58:41,GOA,2015,10110,arrowtooth flounder,Atheresthes stomias,Unknown,4,163644.090416936,299.178279916846,27.4629191618654
1,2018-09-24 11:58:41,GOA,2015,10110,arrowtooth flounder,Atheresthes stomias,Unknown,5,53534.5357142857,310.406133023609,11.2126484143968
1,2018-09-24 11:58:41,GOA,2015,10110,arrowtooth flounder,Atheresthes stomias,Unknown,6,8695.92857142857,300,0